id,user_id,"activity_name","activity_description","created_at","updated_at"
1,1,"join","Tri joined Dating Over Meal","2011-08-19 17:58:42","2011-08-19 17:58:42"
2,2,"join","Vuong joined Dating Over Meal","2011-08-19 20:32:11","2011-08-19 20:32:11"
3,3,"join","Ronin joined Dating Over Meal","2011-08-19 20:32:45","2011-08-19 20:32:45"
4,4,"join","Dorothy joined Dating Over Meal","2011-09-05 19:10:04","2011-09-05 19:10:04"
5,5,"join","Jennifer joined Dating Over Meal","2011-09-05 19:10:04","2011-09-05 19:10:04"
6,6,"join","Adam joined Dating Over Meal","2011-09-05 19:10:05","2011-09-05 19:10:05"
7,7,"join","Ruth joined Dating Over Meal","2011-09-05 19:10:05","2011-09-05 19:10:05"
8,8,"join","James joined Dating Over Meal","2011-09-05 19:10:05","2011-09-05 19:10:05"
9,9,"join","Marcus joined Dating Over Meal","2011-09-05 19:10:05","2011-09-05 19:10:05"
10,10,"join","Anne joined Dating Over Meal","2011-09-05 19:10:05","2011-09-05 19:10:05"
11,11,"join","Richard joined Dating Over Meal","2011-09-05 19:10:05","2011-09-05 19:10:05"
12,12,"join","Helena joined Dating Over Meal","2011-09-05 19:10:05","2011-09-05 19:10:05"
13,13,"join","Carol joined Dating Over Meal","2011-09-05 19:10:05","2011-09-05 19:10:05"
14,14,"join","Jennifer joined Dating Over Meal","2011-09-05 19:10:05","2011-09-05 19:10:05"
15,15,"join","Harold joined Dating Over Meal","2011-09-05 19:10:06","2011-09-05 19:10:06"
16,16,"join","Lisa joined Dating Over Meal","2011-09-05 19:10:06","2011-09-05 19:10:06"
17,17,"join","Kevin joined Dating Over Meal","2011-09-05 19:10:06","2011-09-05 19:10:06"
18,18,"join","Diana joined Dating Over Meal","2011-09-05 19:10:06","2011-09-05 19:10:06"
19,19,"join","John joined Dating Over Meal","2011-09-05 19:10:06","2011-09-05 19:10:06"
20,20,"join","Deborah joined Dating Over Meal","2011-09-05 19:10:06","2011-09-05 19:10:06"
21,21,"join","Brian joined Dating Over Meal","2011-09-05 19:10:06","2011-09-05 19:10:06"
22,22,"join","Mark joined Dating Over Meal","2011-09-05 19:10:06","2011-09-05 19:10:06"
23,23,"join","Cheryl joined Dating Over Meal","2011-09-05 19:10:07","2011-09-05 19:10:07"
24,24,"join","Cheryl joined Dating Over Meal","2011-09-05 19:10:07","2011-09-05 19:10:07"
25,25,"join","Edward joined Dating Over Meal","2011-09-05 19:10:07","2011-09-05 19:10:07"
26,26,"join","Wendy joined Dating Over Meal","2011-09-05 19:10:07","2011-09-05 19:10:07"
27,27,"join","Deborah joined Dating Over Meal","2011-09-05 19:10:07","2011-09-05 19:10:07"
28,28,"join","Jennifer joined Dating Over Meal","2011-09-05 19:10:07","2011-09-05 19:10:07"
29,29,"join","Nancy joined Dating Over Meal","2011-09-05 19:10:07","2011-09-05 19:10:07"
30,30,"join","Sarah joined Dating Over Meal","2011-09-05 19:10:07","2011-09-05 19:10:07"
31,31,"join","Steven joined Dating Over Meal","2011-09-05 19:10:07","2011-09-05 19:10:07"
32,32,"join","David joined Dating Over Meal","2011-09-05 19:10:08","2011-09-05 19:10:08"
33,33,"join","Lucy joined Dating Over Meal","2011-09-05 19:10:08","2011-09-05 19:10:08"
34,34,"join","Sandra joined Dating Over Meal","2011-09-05 19:10:08","2011-09-05 19:10:08"
35,35,"join","Tabitha joined Dating Over Meal","2011-09-05 19:10:08","2011-09-05 19:10:08"
36,36,"join","Christopher joined Dating Over Meal","2011-09-05 19:10:08","2011-09-05 19:10:08"
37,37,"join","Daniel joined Dating Over Meal","2011-09-05 19:10:08","2011-09-05 19:10:08"
38,38,"join","Edgar joined Dating Over Meal","2011-09-05 19:10:08","2011-09-05 19:10:08"
39,39,"join","William joined Dating Over Meal","2011-09-05 19:10:08","2011-09-05 19:10:08"
40,40,"join","Judith joined Dating Over Meal","2011-09-05 19:10:09","2011-09-05 19:10:09"
41,41,"join","Mary joined Dating Over Meal","2011-09-05 19:10:09","2011-09-05 19:10:09"
42,42,"join","Robert joined Dating Over Meal","2011-09-05 19:10:09","2011-09-05 19:10:09"
43,43,"join","Anthony joined Dating Over Meal","2011-09-05 19:10:09","2011-09-05 19:10:09"
44,44,"join","Patricia joined Dating Over Meal","2011-09-05 19:10:09","2011-09-05 19:10:09"
45,45,"join","Anne joined Dating Over Meal","2011-09-05 19:10:09","2011-09-05 19:10:09"
46,46,"join","Fiona joined Dating Over Meal","2011-09-05 19:10:09","2011-09-05 19:10:09"
47,47,"join","Jason joined Dating Over Meal","2011-09-05 19:10:09","2011-09-05 19:10:09"
48,48,"join","Helen joined Dating Over Meal","2011-09-05 19:10:09","2011-09-05 19:10:09"
49,49,"join","Maria joined Dating Over Meal","2011-09-05 19:10:10","2011-09-05 19:10:10"
50,50,"join","Robert joined Dating Over Meal","2011-09-05 19:10:10","2011-09-05 19:10:10"
51,51,"join","Kenneth joined Dating Over Meal","2011-09-05 19:10:10","2011-09-05 19:10:10"
52,52,"join","Lucy joined Dating Over Meal","2011-09-05 19:10:10","2011-09-05 19:10:10"
53,53,"join","Linda joined Dating Over Meal","2011-09-05 19:10:10","2011-09-05 19:10:10"
54,54,"join","William joined Dating Over Meal","2011-09-05 19:10:10","2011-09-05 19:10:10"
55,55,"join","Joseph joined Dating Over Meal","2011-09-05 19:10:10","2011-09-05 19:10:10"
56,56,"join","Judith joined Dating Over Meal","2011-09-05 19:10:10","2011-09-05 19:10:10"
57,57,"join","Beryl joined Dating Over Meal","2011-09-05 19:10:10","2011-09-05 19:10:10"
58,58,"join","Ronald joined Dating Over Meal","2011-09-05 19:10:11","2011-09-05 19:10:11"
59,59,"join","Cheryl joined Dating Over Meal","2011-09-05 19:10:11","2011-09-05 19:10:11"
60,60,"join","Ursula joined Dating Over Meal","2011-09-05 19:10:11","2011-09-05 19:10:11"
61,61,"join","Lisa joined Dating Over Meal","2011-09-05 19:10:11","2011-09-05 19:10:11"
62,62,"join","Roger joined Dating Over Meal","2011-09-05 19:10:11","2011-09-05 19:10:11"
63,63,"join","Sarah joined Dating Over Meal","2011-09-05 19:10:11","2011-09-05 19:10:11"
64,64,"join","Christopher joined Dating Over Meal","2011-09-05 19:10:11","2011-09-05 19:10:11"
65,65,"join","Dorothy joined Dating Over Meal","2011-09-05 19:10:11","2011-09-05 19:10:11"
66,66,"join","Betty joined Dating Over Meal","2011-09-05 19:10:12","2011-09-05 19:10:12"
67,67,"join","Kevin joined Dating Over Meal","2011-09-05 19:10:12","2011-09-05 19:10:12"
68,68,"join","Charlotte joined Dating Over Meal","2011-09-05 19:10:12","2011-09-05 19:10:12"
69,69,"join","Joseph joined Dating Over Meal","2011-09-05 19:10:12","2011-09-05 19:10:12"
70,70,"join","Richard joined Dating Over Meal","2011-09-05 19:10:12","2011-09-05 19:10:12"
71,71,"join","Deborah joined Dating Over Meal","2011-09-05 19:10:12","2011-09-05 19:10:12"
72,72,"join","Karen joined Dating Over Meal","2011-09-05 19:10:12","2011-09-05 19:10:12"
73,73,"join","Diana joined Dating Over Meal","2011-09-05 19:10:12","2011-09-05 19:10:12"
74,74,"join","Laura joined Dating Over Meal","2011-09-05 19:10:12","2011-09-05 19:10:12"
75,75,"join","Eve joined Dating Over Meal","2011-09-05 19:10:13","2011-09-05 19:10:13"
76,76,"join","Ann joined Dating Over Meal","2011-09-05 19:10:13","2011-09-05 19:10:13"
77,77,"join","Wendy joined Dating Over Meal","2011-09-05 19:10:13","2011-09-05 19:10:13"
78,78,"join","Helen joined Dating Over Meal","2011-09-05 19:10:13","2011-09-05 19:10:13"
79,79,"join","Arthur joined Dating Over Meal","2011-09-05 19:10:13","2011-09-05 19:10:13"
80,80,"join","Fiona joined Dating Over Meal","2011-09-05 19:10:13","2011-09-05 19:10:13"
81,81,"join","Dorothy joined Dating Over Meal","2011-09-05 19:10:13","2011-09-05 19:10:13"
82,82,"join","Victoria joined Dating Over Meal","2011-09-05 19:10:13","2011-09-05 19:10:13"
83,83,"join","Deborah joined Dating Over Meal","2011-09-05 19:10:14","2011-09-05 19:10:14"
84,84,"join","Beryl joined Dating Over Meal","2011-09-05 19:10:14","2011-09-05 19:10:14"
85,85,"join","Robert joined Dating Over Meal","2011-09-05 19:10:14","2011-09-05 19:10:14"
86,86,"join","Betty joined Dating Over Meal","2011-09-05 19:10:14","2011-09-05 19:10:14"
87,87,"join","Charlotte joined Dating Over Meal","2011-09-05 19:10:14","2011-09-05 19:10:14"
88,88,"join","Laura joined Dating Over Meal","2011-09-05 19:10:14","2011-09-05 19:10:14"
89,89,"join","Charlotte joined Dating Over Meal","2011-09-05 19:10:14","2011-09-05 19:10:14"
90,90,"join","Elizabeth joined Dating Over Meal","2011-09-05 19:10:14","2011-09-05 19:10:14"
91,91,"join","James joined Dating Over Meal","2011-09-05 19:10:14","2011-09-05 19:10:14"
92,92,"join","David joined Dating Over Meal","2011-09-05 19:10:15","2011-09-05 19:10:15"
93,93,"join","Daniel joined Dating Over Meal","2011-09-05 19:10:15","2011-09-05 19:10:15"
94,94,"join","George joined Dating Over Meal","2011-09-05 19:10:15","2011-09-05 19:10:15"
95,95,"join","Helen joined Dating Over Meal","2011-09-05 19:10:15","2011-09-05 19:10:15"
96,96,"join","Wendy joined Dating Over Meal","2011-09-05 19:10:15","2011-09-05 19:10:15"
97,97,"join","Edwin joined Dating Over Meal","2011-09-05 19:10:15","2011-09-05 19:10:15"
98,98,"join","Tabitha joined Dating Over Meal","2011-09-05 19:10:15","2011-09-05 19:10:15"
99,99,"join","Linda joined Dating Over Meal","2011-09-05 19:10:15","2011-09-05 19:10:15"
100,100,"join","Joseph joined Dating Over Meal","2011-09-05 19:10:16","2011-09-05 19:10:16"
101,101,"join","Christopher joined Dating Over Meal","2011-09-05 19:10:16","2011-09-05 19:10:16"
102,102,"join","Margaret joined Dating Over Meal","2011-09-05 19:10:16","2011-09-05 19:10:16"
103,103,"join","Sandra joined Dating Over Meal","2011-09-05 19:10:16","2011-09-05 19:10:16"
104,104,"join","Kenneth joined Dating Over Meal","2011-09-05 19:10:16","2011-09-05 19:10:16"
105,105,"join","Dorothy joined Dating Over Meal","2011-09-05 19:10:16","2011-09-05 19:10:16"
106,106,"join","Thomas joined Dating Over Meal","2011-09-05 19:10:16","2011-09-05 19:10:16"
107,107,"join","Charlotte joined Dating Over Meal","2011-09-05 19:10:16","2011-09-05 19:10:16"
108,108,"join","George joined Dating Over Meal","2011-09-05 19:10:16","2011-09-05 19:10:16"
109,109,"join","Ronald joined Dating Over Meal","2011-09-05 19:10:17","2011-09-05 19:10:17"
110,110,"join","Tabitha joined Dating Over Meal","2011-09-05 19:10:17","2011-09-05 19:10:17"
111,111,"join","Herbert joined Dating Over Meal","2011-09-05 19:10:17","2011-09-05 19:10:17"
112,112,"join","Anthony joined Dating Over Meal","2011-09-05 19:10:17","2011-09-05 19:10:17"
113,113,"join","Simon joined Dating Over Meal","2011-09-05 19:10:17","2011-09-05 19:10:17"
114,114,"join","Beryl joined Dating Over Meal","2011-09-05 19:10:17","2011-09-05 19:10:17"
115,115,"join","Donna joined Dating Over Meal","2011-09-05 19:10:17","2011-09-05 19:10:17"
116,116,"join","Mark joined Dating Over Meal","2011-09-05 19:10:17","2011-09-05 19:10:17"
117,117,"join","Cheryl joined Dating Over Meal","2011-09-05 19:10:18","2011-09-05 19:10:18"
118,118,"join","Michael joined Dating Over Meal","2011-09-05 19:10:18","2011-09-05 19:10:18"
119,119,"join","Brian joined Dating Over Meal","2011-09-05 19:10:18","2011-09-05 19:10:18"
120,120,"join","Lisa joined Dating Over Meal","2011-09-05 19:10:18","2011-09-05 19:10:18"
121,121,"join","George joined Dating Over Meal","2011-09-05 19:10:18","2011-09-05 19:10:18"
122,122,"join","William joined Dating Over Meal","2011-09-05 19:10:18","2011-09-05 19:10:18"
123,123,"join","Judith joined Dating Over Meal","2011-09-05 19:10:18","2011-09-05 19:10:18"
124,124,"join","Helena joined Dating Over Meal","2011-09-05 19:10:19","2011-09-05 19:10:19"
125,125,"join","Harold joined Dating Over Meal","2011-09-05 19:10:19","2011-09-05 19:10:19"
126,126,"join","Kenneth joined Dating Over Meal","2011-09-05 19:10:19","2011-09-05 19:10:19"
127,127,"join","William joined Dating Over Meal","2011-09-05 19:10:19","2011-09-05 19:10:19"
128,128,"join","Marcus joined Dating Over Meal","2011-09-05 19:10:19","2011-09-05 19:10:19"
129,129,"join","Wendy joined Dating Over Meal","2011-09-05 19:10:19","2011-09-05 19:10:19"
130,130,"join","Herbert joined Dating Over Meal","2011-09-05 19:10:19","2011-09-05 19:10:19"
131,131,"join","Anthony joined Dating Over Meal","2011-09-05 19:10:19","2011-09-05 19:10:19"
132,132,"join","Roger joined Dating Over Meal","2011-09-05 19:10:19","2011-09-05 19:10:19"
133,133,"join","Thomas joined Dating Over Meal","2011-09-05 19:10:20","2011-09-05 19:10:20"
134,134,"join","Wendy joined Dating Over Meal","2011-09-05 19:10:20","2011-09-05 19:10:20"
135,135,"join","Marcus joined Dating Over Meal","2011-09-05 19:10:20","2011-09-05 19:10:20"
136,136,"join","George joined Dating Over Meal","2011-09-05 19:10:20","2011-09-05 19:10:20"
137,137,"join","Mark joined Dating Over Meal","2011-09-05 19:10:20","2011-09-05 19:10:20"
138,138,"join","Victoria joined Dating Over Meal","2011-09-05 19:10:20","2011-09-05 19:10:20"
139,139,"join","Cheryl joined Dating Over Meal","2011-09-05 19:10:20","2011-09-05 19:10:20"
140,140,"join","Diana joined Dating Over Meal","2011-09-05 19:10:20","2011-09-05 19:10:20"
141,141,"join","Edwin joined Dating Over Meal","2011-09-05 19:10:21","2011-09-05 19:10:21"
142,142,"join","Beryl joined Dating Over Meal","2011-09-05 19:10:21","2011-09-05 19:10:21"
143,143,"join","Lisa joined Dating Over Meal","2011-09-05 19:10:21","2011-09-05 19:10:21"
144,144,"join","Daniel joined Dating Over Meal","2011-09-05 19:10:21","2011-09-05 19:10:21"
145,145,"join","Susan joined Dating Over Meal","2011-09-05 19:10:21","2011-09-05 19:10:21"
146,146,"join","Edgar joined Dating Over Meal","2011-09-05 19:10:21","2011-09-05 19:10:21"
147,147,"join","Margaret joined Dating Over Meal","2011-09-05 19:10:21","2011-09-05 19:10:21"
148,148,"join","Ruth joined Dating Over Meal","2011-09-05 19:10:21","2011-09-05 19:10:21"
149,149,"join","Matthew joined Dating Over Meal","2011-09-05 19:10:21","2011-09-05 19:10:22"
150,150,"join","Simon joined Dating Over Meal","2011-09-05 19:10:22","2011-09-05 19:10:22"
151,151,"join","Maria joined Dating Over Meal","2011-09-05 19:10:22","2011-09-05 19:10:22"
152,152,"join","Anne joined Dating Over Meal","2011-09-05 19:10:22","2011-09-05 19:10:22"
153,153,"join","Beryl joined Dating Over Meal","2011-09-05 19:10:22","2011-09-05 19:10:22"
154,154,"join","Helena joined Dating Over Meal","2011-09-05 19:10:22","2011-09-05 19:10:22"
155,155,"join","Matthew joined Dating Over Meal","2011-09-05 19:10:22","2011-09-05 19:10:22"
156,156,"join","Edwin joined Dating Over Meal","2011-09-05 19:10:22","2011-09-05 19:10:22"
157,157,"join","Sharon joined Dating Over Meal","2011-09-05 19:10:22","2011-09-05 19:10:22"
158,158,"join","Simon joined Dating Over Meal","2011-09-05 19:10:23","2011-09-05 19:10:23"
159,159,"join","William joined Dating Over Meal","2011-09-05 19:10:23","2011-09-05 19:10:23"
160,160,"join","Marcus joined Dating Over Meal","2011-09-05 19:10:23","2011-09-05 19:10:23"
161,161,"join","Carol joined Dating Over Meal","2011-09-05 19:10:23","2011-09-05 19:10:23"
162,162,"join","Laura joined Dating Over Meal","2011-09-05 19:10:23","2011-09-05 19:10:23"
163,163,"join","Roger joined Dating Over Meal","2011-09-05 19:10:23","2011-09-05 19:10:23"
164,164,"join","Kevin joined Dating Over Meal","2011-09-05 19:10:23","2011-09-05 19:10:23"
165,165,"join","Michael joined Dating Over Meal","2011-09-05 19:10:23","2011-09-05 19:10:23"
166,166,"join","Marcus joined Dating Over Meal","2011-09-05 19:10:24","2011-09-05 19:10:24"
167,167,"join","Mark joined Dating Over Meal","2011-09-05 19:10:24","2011-09-05 19:10:24"
168,168,"join","Terry joined Dating Over Meal","2011-09-05 19:10:24","2011-09-05 19:10:24"
169,169,"join","Roger joined Dating Over Meal","2011-09-05 19:10:24","2011-09-05 19:10:24"
170,170,"join","Helen joined Dating Over Meal","2011-09-05 19:10:24","2011-09-05 19:10:24"
171,171,"join","Mark joined Dating Over Meal","2011-09-05 19:10:24","2011-09-05 19:10:24"
172,172,"join","Ronald joined Dating Over Meal","2011-09-05 19:10:24","2011-09-05 19:10:24"
173,173,"join","Sarah joined Dating Over Meal","2011-09-05 19:10:24","2011-09-05 19:10:24"
174,174,"join","David joined Dating Over Meal","2011-09-05 19:10:25","2011-09-05 19:10:25"
175,175,"join","Cheryl joined Dating Over Meal","2011-09-05 19:10:25","2011-09-05 19:10:25"
176,176,"join","David joined Dating Over Meal","2011-09-05 19:10:25","2011-09-05 19:10:25"
177,177,"join","Maria joined Dating Over Meal","2011-09-05 19:10:25","2011-09-05 19:10:25"
178,178,"join","Mary joined Dating Over Meal","2011-09-05 19:10:25","2011-09-05 19:10:25"
179,179,"join","Anna joined Dating Over Meal","2011-09-05 19:10:25","2011-09-05 19:10:25"
180,180,"join","Susan joined Dating Over Meal","2011-09-05 19:10:25","2011-09-05 19:10:25"
181,181,"join","Judith joined Dating Over Meal","2011-09-05 19:10:25","2011-09-05 19:10:25"
182,182,"join","Mary joined Dating Over Meal","2011-09-05 19:10:25","2011-09-05 19:10:25"
183,183,"join","Simon joined Dating Over Meal","2011-09-05 19:10:26","2011-09-05 19:10:26"
184,184,"join","George joined Dating Over Meal","2011-09-05 19:10:26","2011-09-05 19:10:26"
185,185,"join","Cheryl joined Dating Over Meal","2011-09-05 19:10:26","2011-09-05 19:10:26"
186,186,"join","Tabitha joined Dating Over Meal","2011-09-05 19:10:26","2011-09-05 19:10:26"
187,187,"join","Anthony joined Dating Over Meal","2011-09-05 19:10:26","2011-09-05 19:10:26"
188,188,"join","George joined Dating Over Meal","2011-09-05 19:10:26","2011-09-05 19:10:26"
189,189,"join","Brian joined Dating Over Meal","2011-09-05 19:10:26","2011-09-05 19:10:26"
190,190,"join","Nancy joined Dating Over Meal","2011-09-05 19:10:26","2011-09-05 19:10:26"
191,191,"join","Deborah joined Dating Over Meal","2011-09-05 19:10:27","2011-09-05 19:10:27"
192,192,"join","Margaret joined Dating Over Meal","2011-09-05 19:10:27","2011-09-05 19:10:27"
193,193,"join","Thomas joined Dating Over Meal","2011-09-05 19:10:27","2011-09-05 19:10:27"
194,194,"join","Donald joined Dating Over Meal","2011-09-05 19:10:27","2011-09-05 19:10:27"
195,195,"join","Robert joined Dating Over Meal","2011-09-05 19:10:27","2011-09-05 19:10:27"
196,196,"join","Ann joined Dating Over Meal","2011-09-05 19:10:27","2011-09-05 19:10:27"
197,197,"join","Jason joined Dating Over Meal","2011-09-05 19:10:27","2011-09-05 19:10:27"
198,198,"join","Tabitha joined Dating Over Meal","2011-09-05 19:10:27","2011-09-05 19:10:27"
199,199,"join","Adam joined Dating Over Meal","2011-09-05 19:10:27","2011-09-05 19:10:27"
200,200,"join","Deborah joined Dating Over Meal","2011-09-05 19:10:28","2011-09-05 19:10:28"
201,201,"join","Thomas joined Dating Over Meal","2011-09-05 19:10:28","2011-09-05 19:10:28"
202,202,"join","William joined Dating Over Meal","2011-09-05 19:10:28","2011-09-05 19:10:28"
203,203,"join","Diana joined Dating Over Meal","2011-09-05 19:10:28","2011-09-05 19:10:28"
204,204,"join","Edward joined Dating Over Meal","2011-09-05 19:10:28","2011-09-05 19:10:28"
205,205,"join","Anna joined Dating Over Meal","2011-09-05 19:10:28","2011-09-05 19:10:28"
206,206,"join","Mark joined Dating Over Meal","2011-09-05 19:10:28","2011-09-05 19:10:28"
207,207,"join","Joseph joined Dating Over Meal","2011-09-05 19:10:28","2011-09-05 19:10:28"
208,208,"join","Beryl joined Dating Over Meal","2011-09-05 19:10:29","2011-09-05 19:10:29"
209,209,"join","Michelle joined Dating Over Meal","2011-09-05 19:10:29","2011-09-05 19:10:29"
210,210,"join","Dorothy joined Dating Over Meal","2011-09-05 19:10:29","2011-09-05 19:10:29"
211,211,"join","Brian joined Dating Over Meal","2011-09-05 19:10:29","2011-09-05 19:10:29"
212,212,"join","Ann joined Dating Over Meal","2011-09-05 19:10:29","2011-09-05 19:10:29"
213,213,"join","Betty joined Dating Over Meal","2011-09-05 19:10:29","2011-09-05 19:10:29"
214,214,"join","Brian joined Dating Over Meal","2011-09-05 19:10:29","2011-09-05 19:10:29"
215,215,"join","Lucy joined Dating Over Meal","2011-09-05 19:10:29","2011-09-05 19:10:29"
216,216,"join","Charles joined Dating Over Meal","2011-09-05 19:10:29","2011-09-05 19:10:29"
217,217,"join","Karen joined Dating Over Meal","2011-09-05 19:10:30","2011-09-05 19:10:30"
218,218,"join","Marcus joined Dating Over Meal","2011-09-05 19:10:30","2011-09-05 19:10:30"
219,219,"join","Ursula joined Dating Over Meal","2011-09-05 19:10:30","2011-09-05 19:10:30"
220,220,"join","John joined Dating Over Meal","2011-09-05 19:10:30","2011-09-05 19:10:30"
221,221,"join","Steven joined Dating Over Meal","2011-09-05 19:10:30","2011-09-05 19:10:30"
222,222,"join","Matthew joined Dating Over Meal","2011-09-05 19:10:30","2011-09-05 19:10:30"
223,223,"join","Karen joined Dating Over Meal","2011-09-05 19:10:30","2011-09-05 19:10:30"
224,224,"join","William joined Dating Over Meal","2011-09-05 19:10:30","2011-09-05 19:10:30"
225,225,"join","Mary joined Dating Over Meal","2011-09-05 19:10:30","2011-09-05 19:10:31"
226,226,"join","Alison joined Dating Over Meal","2011-09-05 19:10:31","2011-09-05 19:10:31"
227,227,"join","Deborah joined Dating Over Meal","2011-09-05 19:10:31","2011-09-05 19:10:31"
228,228,"join","Ann joined Dating Over Meal","2011-09-05 19:10:31","2011-09-05 19:10:31"
229,229,"join","Alison joined Dating Over Meal","2011-09-05 19:10:31","2011-09-05 19:10:31"
230,230,"join","Felicity joined Dating Over Meal","2011-09-05 19:10:31","2011-09-05 19:10:31"
231,231,"join","Maria joined Dating Over Meal","2011-09-05 19:10:31","2011-09-05 19:10:31"
232,232,"join","Eve joined Dating Over Meal","2011-09-05 19:10:31","2011-09-05 19:10:31"
233,233,"join","Alison joined Dating Over Meal","2011-09-05 19:10:31","2011-09-05 19:10:31"
234,234,"join","Diana joined Dating Over Meal","2011-09-05 19:10:32","2011-09-05 19:10:32"
235,235,"join","Alison joined Dating Over Meal","2011-09-05 19:10:32","2011-09-05 19:10:32"
236,236,"join","John joined Dating Over Meal","2011-09-05 19:10:32","2011-09-05 19:10:32"
237,237,"join","George joined Dating Over Meal","2011-09-05 19:10:32","2011-09-05 19:10:32"
238,238,"join","David joined Dating Over Meal","2011-09-05 19:10:32","2011-09-05 19:10:32"
239,239,"join","Edwin joined Dating Over Meal","2011-09-05 19:10:32","2011-09-05 19:10:32"
240,240,"join","Mark joined Dating Over Meal","2011-09-05 19:10:32","2011-09-05 19:10:32"
241,241,"join","Herbert joined Dating Over Meal","2011-09-05 19:10:32","2011-09-05 19:10:32"
242,242,"join","Judith joined Dating Over Meal","2011-09-05 19:10:32","2011-09-05 19:10:32"
243,243,"join","Daniel joined Dating Over Meal","2011-09-05 19:10:33","2011-09-05 19:10:33"
244,244,"join","Beryl joined Dating Over Meal","2011-09-05 19:10:33","2011-09-05 19:10:33"
245,245,"join","Fiona joined Dating Over Meal","2011-09-05 19:10:33","2011-09-05 19:10:33"
246,246,"join","Diana joined Dating Over Meal","2011-09-05 19:10:33","2011-09-05 19:10:33"
247,247,"join","Cheryl joined Dating Over Meal","2011-09-05 19:10:33","2011-09-05 19:10:33"
248,248,"join","Hugh joined Dating Over Meal","2011-09-05 19:10:33","2011-09-05 19:10:33"
249,249,"join","Kevin joined Dating Over Meal","2011-09-05 19:10:33","2011-09-05 19:10:33"
250,250,"join","Victoria joined Dating Over Meal","2011-09-05 19:10:33","2011-09-05 19:10:33"
251,251,"join","Matthew joined Dating Over Meal","2011-09-05 19:10:34","2011-09-05 19:10:34"
252,252,"join","Tabitha joined Dating Over Meal","2011-09-05 19:10:34","2011-09-05 19:10:34"
253,253,"join","Jessica joined Dating Over Meal","2011-09-05 19:10:34","2011-09-05 19:10:34"
254,254,"join","Helen joined Dating Over Meal","2011-09-05 19:10:34","2011-09-05 19:10:34"
255,255,"join","Sandra joined Dating Over Meal","2011-09-05 19:10:34","2011-09-05 19:10:34"
256,256,"join","William joined Dating Over Meal","2011-09-05 19:10:34","2011-09-05 19:10:34"
257,257,"join","Anthony joined Dating Over Meal","2011-09-05 19:10:34","2011-09-05 19:10:34"
258,258,"join","Patricia joined Dating Over Meal","2011-09-05 19:10:34","2011-09-05 19:10:34"
259,259,"join","Donna joined Dating Over Meal","2011-09-05 19:10:34","2011-09-05 19:10:34"
260,260,"join","James joined Dating Over Meal","2011-09-05 19:10:35","2011-09-05 19:10:35"
261,261,"join","Kevin joined Dating Over Meal","2011-09-05 19:10:35","2011-09-05 19:10:35"
262,262,"join","Alison joined Dating Over Meal","2011-09-05 19:10:35","2011-09-05 19:10:35"
263,263,"join","Sharon joined Dating Over Meal","2011-09-05 19:10:35","2011-09-05 19:10:35"
264,264,"join","Thomas joined Dating Over Meal","2011-09-05 19:10:35","2011-09-05 19:10:35"
265,265,"join","Anne joined Dating Over Meal","2011-09-05 19:10:35","2011-09-05 19:10:35"
266,266,"join","Elizabeth joined Dating Over Meal","2011-09-05 19:10:35","2011-09-05 19:10:35"
267,267,"join","Patricia joined Dating Over Meal","2011-09-05 19:10:35","2011-09-05 19:10:35"
268,268,"join","David joined Dating Over Meal","2011-09-05 19:10:36","2011-09-05 19:10:36"
269,269,"join","Jason joined Dating Over Meal","2011-09-05 19:10:36","2011-09-05 19:10:36"
270,270,"join","Edward joined Dating Over Meal","2011-09-05 19:10:36","2011-09-05 19:10:36"
271,271,"join","Steven joined Dating Over Meal","2011-09-05 19:10:36","2011-09-05 19:10:36"
272,272,"join","Sandra joined Dating Over Meal","2011-09-05 19:10:36","2011-09-05 19:10:36"
273,273,"join","Eve joined Dating Over Meal","2011-09-05 19:10:36","2011-09-05 19:10:36"
274,274,"join","Dorothy joined Dating Over Meal","2011-09-05 19:10:36","2011-09-05 19:10:36"
275,275,"join","Paul joined Dating Over Meal","2011-09-05 19:10:36","2011-09-05 19:10:36"
276,276,"join","Kenneth joined Dating Over Meal","2011-09-05 19:10:36","2011-09-05 19:10:36"
277,277,"join","Jessica joined Dating Over Meal","2011-09-05 19:10:37","2011-09-05 19:10:37"
278,278,"join","Joseph joined Dating Over Meal","2011-09-05 19:10:37","2011-09-05 19:10:37"
279,279,"join","Sharon joined Dating Over Meal","2011-09-05 19:10:37","2011-09-05 19:10:37"
280,280,"join","Helen joined Dating Over Meal","2011-09-05 19:10:37","2011-09-05 19:10:37"
281,281,"join","Betty joined Dating Over Meal","2011-09-05 19:10:37","2011-09-05 19:10:37"
282,282,"join","Susan joined Dating Over Meal","2011-09-05 19:10:37","2011-09-05 19:10:37"
283,283,"join","Mark joined Dating Over Meal","2011-09-05 19:10:37","2011-09-05 19:10:37"
284,284,"join","Steven joined Dating Over Meal","2011-09-05 19:10:37","2011-09-05 19:10:37"
285,285,"join","Eve joined Dating Over Meal","2011-09-05 19:10:37","2011-09-05 19:10:37"
286,286,"join","Kenneth joined Dating Over Meal","2011-09-05 19:10:38","2011-09-05 19:10:38"
287,287,"join","Fiona joined Dating Over Meal","2011-09-05 19:10:38","2011-09-05 19:10:38"
288,288,"join","Eve joined Dating Over Meal","2011-09-05 19:10:38","2011-09-05 19:10:38"
289,289,"join","Kenneth joined Dating Over Meal","2011-09-05 19:10:38","2011-09-05 19:10:38"
290,290,"join","Betty joined Dating Over Meal","2011-09-05 19:10:38","2011-09-05 19:10:38"
291,291,"join","George joined Dating Over Meal","2011-09-05 19:10:38","2011-09-05 19:10:38"
292,292,"join","Herbert joined Dating Over Meal","2011-09-05 19:10:38","2011-09-05 19:10:38"
293,293,"join","Christopher joined Dating Over Meal","2011-09-05 19:10:38","2011-09-05 19:10:38"
294,294,"join","Christopher joined Dating Over Meal","2011-09-05 19:10:39","2011-09-05 19:10:39"
295,295,"join","Lucy joined Dating Over Meal","2011-09-05 19:10:39","2011-09-05 19:10:39"
296,296,"join","Diana joined Dating Over Meal","2011-09-05 19:10:39","2011-09-05 19:10:39"
297,297,"join","Anna joined Dating Over Meal","2011-09-05 19:10:39","2011-09-05 19:10:39"
298,298,"join","Brian joined Dating Over Meal","2011-09-05 19:10:39","2011-09-05 19:10:39"
299,299,"join","Jason joined Dating Over Meal","2011-09-05 19:10:39","2011-09-05 19:10:39"
300,300,"join","Beryl joined Dating Over Meal","2011-09-05 19:10:39","2011-09-05 19:10:39"
301,301,"join","Terry joined Dating Over Meal","2011-09-05 19:10:39","2011-09-05 19:10:39"
302,302,"join","William joined Dating Over Meal","2011-09-05 19:10:39","2011-09-05 19:10:39"
303,303,"join","Elizabeth joined Dating Over Meal","2011-09-05 19:10:40","2011-09-05 19:10:40"
304,304,"join","Roger joined Dating Over Meal","2011-09-05 19:10:40","2011-09-05 19:10:40"
305,305,"join","Richard joined Dating Over Meal","2011-09-05 19:10:40","2011-09-05 19:10:40"
306,306,"join","Sandra joined Dating Over Meal","2011-09-05 19:10:40","2011-09-05 19:10:40"
307,307,"join","Patricia joined Dating Over Meal","2011-09-05 19:10:40","2011-09-05 19:10:40"
308,308,"join","Sharon joined Dating Over Meal","2011-09-05 19:10:40","2011-09-05 19:10:40"
309,309,"join","Donald joined Dating Over Meal","2011-09-05 19:10:40","2011-09-05 19:10:40"
310,310,"join","Roger joined Dating Over Meal","2011-09-05 19:10:40","2011-09-05 19:10:40"
311,311,"join","Donald joined Dating Over Meal","2011-09-05 19:10:41","2011-09-05 19:10:41"
312,312,"join","Lucy joined Dating Over Meal","2011-09-05 19:10:41","2011-09-05 19:10:41"
313,313,"join","Steven joined Dating Over Meal","2011-09-05 19:10:41","2011-09-05 19:10:41"
314,314,"join","William joined Dating Over Meal","2011-09-05 19:10:41","2011-09-05 19:10:41"
315,315,"join","Helen joined Dating Over Meal","2011-09-05 19:10:41","2011-09-05 19:10:41"
316,316,"join","Susan joined Dating Over Meal","2011-09-05 19:10:41","2011-09-05 19:10:41"
317,317,"join","Victoria joined Dating Over Meal","2011-09-05 19:10:41","2011-09-05 19:10:41"
318,318,"join","Adam joined Dating Over Meal","2011-09-05 19:10:41","2011-09-05 19:10:41"
319,319,"join","Alison joined Dating Over Meal","2011-09-05 19:10:41","2011-09-05 19:10:41"
320,320,"join","Maria joined Dating Over Meal","2011-09-05 19:10:42","2011-09-05 19:10:42"
321,321,"join","Barbara joined Dating Over Meal","2011-09-05 19:10:42","2011-09-05 19:10:42"
322,322,"join","Robert joined Dating Over Meal","2011-09-05 19:10:42","2011-09-05 19:10:42"
323,323,"join","Donald joined Dating Over Meal","2011-09-05 19:10:42","2011-09-05 19:10:42"
324,324,"join","Diana joined Dating Over Meal","2011-09-05 19:10:42","2011-09-05 19:10:42"
325,325,"join","Donald joined Dating Over Meal","2011-09-05 19:10:42","2011-09-05 19:10:42"
326,326,"join","Alison joined Dating Over Meal","2011-09-05 19:10:42","2011-09-05 19:10:42"
327,327,"join","Charlotte joined Dating Over Meal","2011-09-05 19:10:42","2011-09-05 19:10:42"
328,328,"join","Charlotte joined Dating Over Meal","2011-09-05 19:10:43","2011-09-05 19:10:43"
329,329,"join","Sandra joined Dating Over Meal","2011-09-05 19:10:43","2011-09-05 19:10:43"
330,330,"join","Jessica joined Dating Over Meal","2011-09-05 19:10:43","2011-09-05 19:10:43"
331,331,"join","Elizabeth joined Dating Over Meal","2011-09-05 19:10:43","2011-09-05 19:10:43"
332,332,"join","Anthony joined Dating Over Meal","2011-09-05 19:10:43","2011-09-05 19:10:43"
333,333,"join","Karen joined Dating Over Meal","2011-09-05 19:10:43","2011-09-05 19:10:43"
334,334,"join","Charlotte joined Dating Over Meal","2011-09-05 19:10:43","2011-09-05 19:10:43"
335,335,"join","Thomas joined Dating Over Meal","2011-09-05 19:10:43","2011-09-05 19:10:43"
336,336,"join","Elizabeth joined Dating Over Meal","2011-09-05 19:10:43","2011-09-05 19:10:43"
337,337,"join","Herbert joined Dating Over Meal","2011-09-05 19:10:44","2011-09-05 19:10:44"
338,338,"join","Karen joined Dating Over Meal","2011-09-05 19:10:44","2011-09-05 19:10:44"
339,339,"join","Beryl joined Dating Over Meal","2011-09-05 19:10:44","2011-09-05 19:10:44"
340,340,"join","Fiona joined Dating Over Meal","2011-09-05 19:10:44","2011-09-05 19:10:44"
341,341,"join","Cheryl joined Dating Over Meal","2011-09-05 19:10:44","2011-09-05 19:10:44"
342,342,"join","Charles joined Dating Over Meal","2011-09-05 19:10:44","2011-09-05 19:10:44"
343,343,"join","Ann joined Dating Over Meal","2011-09-05 19:10:44","2011-09-05 19:10:44"
344,344,"join","Donald joined Dating Over Meal","2011-09-05 19:10:44","2011-09-05 19:10:44"
345,345,"join","Paul joined Dating Over Meal","2011-09-05 19:10:45","2011-09-05 19:10:45"
346,346,"join","Susan joined Dating Over Meal","2011-09-05 19:10:45","2011-09-05 19:10:45"
347,347,"join","Herbert joined Dating Over Meal","2011-09-05 19:10:45","2011-09-05 19:10:45"
348,348,"join","Susan joined Dating Over Meal","2011-09-05 19:10:45","2011-09-05 19:10:45"
349,349,"join","Anna joined Dating Over Meal","2011-09-05 19:10:45","2011-09-05 19:10:45"
350,350,"join","Linda joined Dating Over Meal","2011-09-05 19:10:45","2011-09-05 19:10:45"
351,351,"join","Edwin joined Dating Over Meal","2011-09-05 19:10:45","2011-09-05 19:10:45"
352,352,"join","Ruth joined Dating Over Meal","2011-09-05 19:10:45","2011-09-05 19:10:45"
353,353,"join","Susan joined Dating Over Meal","2011-09-05 19:10:45","2011-09-05 19:10:45"
354,354,"join","Joseph joined Dating Over Meal","2011-09-05 19:10:46","2011-09-05 19:10:46"
355,355,"join","Jessica joined Dating Over Meal","2011-09-05 19:10:46","2011-09-05 19:10:46"
356,356,"join","Charles joined Dating Over Meal","2011-09-05 19:10:46","2011-09-05 19:10:46"
357,357,"join","Christopher joined Dating Over Meal","2011-09-05 19:10:46","2011-09-05 19:10:46"
358,358,"join","Terry joined Dating Over Meal","2011-09-05 19:10:46","2011-09-05 19:10:46"
359,359,"join","Christopher joined Dating Over Meal","2011-09-05 19:10:46","2011-09-05 19:10:46"
360,360,"join","Susan joined Dating Over Meal","2011-09-05 19:10:46","2011-09-05 19:10:46"
361,361,"join","Sarah joined Dating Over Meal","2011-09-05 19:10:46","2011-09-05 19:10:46"
362,362,"join","Paul joined Dating Over Meal","2011-09-05 19:10:47","2011-09-05 19:10:47"
363,363,"join","Ann joined Dating Over Meal","2011-09-05 19:10:47","2011-09-05 19:10:47"
364,364,"join","Sharon joined Dating Over Meal","2011-09-05 19:10:47","2011-09-05 19:10:47"
365,365,"join","Beryl joined Dating Over Meal","2011-09-05 19:10:47","2011-09-05 19:10:47"
366,366,"join","Cheryl joined Dating Over Meal","2011-09-05 19:10:47","2011-09-05 19:10:47"
367,367,"join","Deborah joined Dating Over Meal","2011-09-05 19:10:47","2011-09-05 19:10:47"
368,368,"join","Fiona joined Dating Over Meal","2011-09-05 19:10:47","2011-09-05 19:10:47"
369,369,"join","Kevin joined Dating Over Meal","2011-09-05 19:10:47","2011-09-05 19:10:47"
370,370,"join","Simon joined Dating Over Meal","2011-09-05 19:10:47","2011-09-05 19:10:47"
371,371,"join","Anthony joined Dating Over Meal","2011-09-05 19:10:48","2011-09-05 19:10:48"
372,372,"join","Kevin joined Dating Over Meal","2011-09-05 19:10:48","2011-09-05 19:10:48"
373,373,"join","Polly joined Dating Over Meal","2011-09-05 19:10:48","2011-09-05 19:10:48"
374,374,"join","John joined Dating Over Meal","2011-09-05 19:10:48","2011-09-05 19:10:48"
375,375,"join","Edgar joined Dating Over Meal","2011-09-05 19:10:48","2011-09-05 19:10:48"
376,376,"join","Joseph joined Dating Over Meal","2011-09-05 19:10:48","2011-09-05 19:10:48"
377,377,"join","Adam joined Dating Over Meal","2011-09-05 19:10:48","2011-09-05 19:10:49"
378,378,"join","Susan joined Dating Over Meal","2011-09-05 19:10:49","2011-09-05 19:10:49"
379,379,"join","Ursula joined Dating Over Meal","2011-09-05 19:10:49","2011-09-05 19:10:49"
380,380,"join","Edwin joined Dating Over Meal","2011-09-05 19:10:49","2011-09-05 19:10:49"
381,381,"join","Richard joined Dating Over Meal","2011-09-05 19:10:49","2011-09-05 19:10:49"
382,382,"join","Eve joined Dating Over Meal","2011-09-05 19:10:49","2011-09-05 19:10:49"
383,383,"join","Karen joined Dating Over Meal","2011-09-05 19:10:49","2011-09-05 19:10:49"
384,384,"join","Daniel joined Dating Over Meal","2011-09-05 19:10:49","2011-09-05 19:10:49"
385,385,"join","Edward joined Dating Over Meal","2011-09-05 19:10:49","2011-09-05 19:10:49"
386,386,"join","Judith joined Dating Over Meal","2011-09-05 19:10:50","2011-09-05 19:10:50"
387,387,"join","Ruth joined Dating Over Meal","2011-09-05 19:10:50","2011-09-05 19:10:50"
388,388,"join","Robert joined Dating Over Meal","2011-09-05 19:10:50","2011-09-05 19:10:50"
389,389,"join","Robyn joined Dating Over Meal","2011-09-05 19:10:50","2011-09-05 19:10:50"
390,390,"join","Diana joined Dating Over Meal","2011-09-05 19:10:50","2011-09-05 19:10:50"
391,391,"join","Helen joined Dating Over Meal","2011-09-05 19:10:50","2011-09-05 19:10:50"
392,392,"join","Laura joined Dating Over Meal","2011-09-05 19:10:50","2011-09-05 19:10:50"
393,393,"join","Karen joined Dating Over Meal","2011-09-05 19:10:50","2011-09-05 19:10:50"
394,394,"join","Helen joined Dating Over Meal","2011-09-05 19:10:50","2011-09-05 19:10:50"
395,395,"join","Diana joined Dating Over Meal","2011-09-05 19:10:51","2011-09-05 19:10:51"
396,396,"join","John joined Dating Over Meal","2011-09-05 19:10:51","2011-09-05 19:10:51"
397,397,"join","Thomas joined Dating Over Meal","2011-09-05 19:10:51","2011-09-05 19:10:51"
398,398,"join","Cheryl joined Dating Over Meal","2011-09-05 19:10:51","2011-09-05 19:10:51"
399,399,"join","Michelle joined Dating Over Meal","2011-09-05 19:10:51","2011-09-05 19:10:51"
400,400,"join","Judith joined Dating Over Meal","2011-09-05 19:10:51","2011-09-05 19:10:51"
401,401,"join","Diana joined Dating Over Meal","2011-09-05 19:10:51","2011-09-05 19:10:51"
402,402,"join","Jason joined Dating Over Meal","2011-09-05 19:10:51","2011-09-05 19:10:51"
403,403,"join","George joined Dating Over Meal","2011-09-05 19:10:52","2011-09-05 19:10:52"
404,404,"join","Helena joined Dating Over Meal","2011-09-05 19:10:52","2011-09-05 19:10:52"
405,405,"join","William joined Dating Over Meal","2011-09-05 19:10:52","2011-09-05 19:10:52"
406,406,"join","Michelle joined Dating Over Meal","2011-09-05 19:10:52","2011-09-05 19:10:52"
407,407,"join","Charles joined Dating Over Meal","2011-09-05 19:10:52","2011-09-05 19:10:52"
408,408,"join","George joined Dating Over Meal","2011-09-05 19:10:52","2011-09-05 19:10:52"
409,409,"join","Thomas joined Dating Over Meal","2011-09-05 19:10:52","2011-09-05 19:10:52"
410,410,"join","Carol joined Dating Over Meal","2011-09-05 19:10:52","2011-09-05 19:10:52"
411,411,"join","Richard joined Dating Over Meal","2011-09-05 19:10:52","2011-09-05 19:10:52"
412,412,"join","Linda joined Dating Over Meal","2011-09-05 19:10:53","2011-09-05 19:10:53"
413,413,"join","Kenneth joined Dating Over Meal","2011-09-05 19:10:53","2011-09-05 19:10:53"
414,414,"join","Linda joined Dating Over Meal","2011-09-05 19:10:53","2011-09-05 19:10:53"
415,415,"join","Jessica joined Dating Over Meal","2011-09-05 19:10:53","2011-09-05 19:10:53"
416,416,"join","Charles joined Dating Over Meal","2011-09-05 19:10:53","2011-09-05 19:10:53"
417,417,"join","Marcus joined Dating Over Meal","2011-09-05 19:10:53","2011-09-05 19:10:53"
418,418,"join","Sandra joined Dating Over Meal","2011-09-05 19:10:53","2011-09-05 19:10:53"
419,419,"join","James joined Dating Over Meal","2011-09-05 19:10:53","2011-09-05 19:10:53"
420,420,"join","Simon joined Dating Over Meal","2011-09-05 19:10:53","2011-09-05 19:10:53"
421,421,"join","Anna joined Dating Over Meal","2011-09-05 19:10:54","2011-09-05 19:10:54"
422,422,"join","Adam joined Dating Over Meal","2011-09-05 19:10:54","2011-09-05 19:10:54"
423,423,"join","Nancy joined Dating Over Meal","2011-09-05 19:10:54","2011-09-05 19:10:54"
424,424,"join","Felicity joined Dating Over Meal","2011-09-05 19:10:54","2011-09-05 19:10:54"
425,425,"join","Karen joined Dating Over Meal","2011-09-05 19:10:54","2011-09-05 19:10:54"
426,426,"join","Wendy joined Dating Over Meal","2011-09-05 19:10:54","2011-09-05 19:10:54"
427,427,"join","Jennifer joined Dating Over Meal","2011-09-05 19:10:54","2011-09-05 19:10:54"
428,428,"join","George joined Dating Over Meal","2011-09-05 19:10:54","2011-09-05 19:10:54"
429,429,"join","Carol joined Dating Over Meal","2011-09-05 19:10:55","2011-09-05 19:10:55"
430,430,"join","Harold joined Dating Over Meal","2011-09-05 19:10:55","2011-09-05 19:10:55"
431,431,"join","Ronald joined Dating Over Meal","2011-09-05 19:10:55","2011-09-05 19:10:55"
432,432,"join","Eve joined Dating Over Meal","2011-09-05 19:10:55","2011-09-05 19:10:55"
433,433,"join","Kenneth joined Dating Over Meal","2011-09-05 19:10:55","2011-09-05 19:10:55"
434,434,"join","Elizabeth joined Dating Over Meal","2011-09-05 19:10:55","2011-09-05 19:10:55"
435,435,"join","Hugh joined Dating Over Meal","2011-09-05 19:10:55","2011-09-05 19:10:55"
436,436,"join","Helena joined Dating Over Meal","2011-09-05 19:10:55","2011-09-05 19:10:55"
437,437,"join","Diana joined Dating Over Meal","2011-09-05 19:10:55","2011-09-05 19:10:55"
438,438,"join","Tabitha joined Dating Over Meal","2011-09-05 19:10:56","2011-09-05 19:10:56"
439,439,"join","Joseph joined Dating Over Meal","2011-09-05 19:10:56","2011-09-05 19:10:56"
440,440,"join","Sharon joined Dating Over Meal","2011-09-05 19:10:56","2011-09-05 19:10:56"
441,441,"join","Sandra joined Dating Over Meal","2011-09-05 19:10:56","2011-09-05 19:10:56"
442,442,"join","Michelle joined Dating Over Meal","2011-09-05 19:10:56","2011-09-05 19:10:56"
443,443,"join","Hugh joined Dating Over Meal","2011-09-05 19:10:56","2011-09-05 19:10:56"
444,444,"join","Anna joined Dating Over Meal","2011-09-05 19:10:56","2011-09-05 19:10:56"
445,445,"join","Arthur joined Dating Over Meal","2011-09-05 19:10:56","2011-09-05 19:10:56"
446,446,"join","Michelle joined Dating Over Meal","2011-09-05 19:10:57","2011-09-05 19:10:57"
447,447,"join","Robyn joined Dating Over Meal","2011-09-05 19:10:57","2011-09-05 19:10:57"
448,448,"join","Lisa joined Dating Over Meal","2011-09-05 19:10:57","2011-09-05 19:10:57"
449,449,"join","Harold joined Dating Over Meal","2011-09-05 19:10:57","2011-09-05 19:10:57"
450,450,"join","Nancy joined Dating Over Meal","2011-09-05 19:10:57","2011-09-05 19:10:57"
451,451,"join","Ann joined Dating Over Meal","2011-09-05 19:10:57","2011-09-05 19:10:57"
452,452,"join","Fiona joined Dating Over Meal","2011-09-05 19:10:57","2011-09-05 19:10:57"
453,453,"join","Felicity joined Dating Over Meal","2011-09-05 19:10:57","2011-09-05 19:10:57"
454,454,"join","Donald joined Dating Over Meal","2011-09-05 19:10:57","2011-09-05 19:10:57"
455,455,"join","Donald joined Dating Over Meal","2011-09-05 19:10:58","2011-09-05 19:10:58"
456,456,"join","Tabitha joined Dating Over Meal","2011-09-05 19:10:58","2011-09-05 19:10:58"
457,457,"join","Donald joined Dating Over Meal","2011-09-05 19:10:58","2011-09-05 19:10:58"
458,458,"join","Ruth joined Dating Over Meal","2011-09-05 19:10:58","2011-09-05 19:10:58"
459,459,"join","John joined Dating Over Meal","2011-09-05 19:10:58","2011-09-05 19:10:58"
460,460,"join","Edwin joined Dating Over Meal","2011-09-05 19:10:58","2011-09-05 19:10:58"
461,461,"join","Laura joined Dating Over Meal","2011-09-05 19:10:58","2011-09-05 19:10:58"
462,462,"join","James joined Dating Over Meal","2011-09-05 19:10:58","2011-09-05 19:10:58"
463,463,"join","Felicity joined Dating Over Meal","2011-09-05 19:10:58","2011-09-05 19:10:59"
464,464,"join","Margaret joined Dating Over Meal","2011-09-05 19:10:59","2011-09-05 19:10:59"
465,465,"join","Arthur joined Dating Over Meal","2011-09-05 19:10:59","2011-09-05 19:10:59"
466,466,"join","Robert joined Dating Over Meal","2011-09-05 19:10:59","2011-09-05 19:10:59"
467,467,"join","Alison joined Dating Over Meal","2011-09-05 19:10:59","2011-09-05 19:10:59"
468,468,"join","Matthew joined Dating Over Meal","2011-09-05 19:10:59","2011-09-05 19:10:59"
469,469,"join","Edgar joined Dating Over Meal","2011-09-05 19:10:59","2011-09-05 19:10:59"
470,470,"join","Jennifer joined Dating Over Meal","2011-09-05 19:10:59","2011-09-05 19:10:59"
471,471,"join","Margaret joined Dating Over Meal","2011-09-05 19:10:59","2011-09-05 19:10:59"
472,472,"join","Fiona joined Dating Over Meal","2011-09-05 19:11:00","2011-09-05 19:11:00"
473,473,"join","Herbert joined Dating Over Meal","2011-09-05 19:11:00","2011-09-05 19:11:00"
474,474,"join","Jennifer joined Dating Over Meal","2011-09-05 19:11:00","2011-09-05 19:11:00"
475,475,"join","Steven joined Dating Over Meal","2011-09-05 19:11:00","2011-09-05 19:11:00"
476,476,"join","Arthur joined Dating Over Meal","2011-09-05 19:11:00","2011-09-05 19:11:00"
477,477,"join","Donna joined Dating Over Meal","2011-09-05 19:11:00","2011-09-05 19:11:00"
478,478,"join","William joined Dating Over Meal","2011-09-05 19:11:00","2011-09-05 19:11:00"
479,479,"join","Donna joined Dating Over Meal","2011-09-05 19:11:00","2011-09-05 19:11:00"
480,480,"join","Mark joined Dating Over Meal","2011-09-05 19:11:00","2011-09-05 19:11:00"
481,481,"join","Lisa joined Dating Over Meal","2011-09-05 19:11:01","2011-09-05 19:11:01"
482,482,"join","Linda joined Dating Over Meal","2011-09-05 19:11:01","2011-09-05 19:11:01"
483,483,"join","Fiona joined Dating Over Meal","2011-09-05 19:11:01","2011-09-05 19:11:01"
484,484,"join","Sharon joined Dating Over Meal","2011-09-05 19:11:01","2011-09-05 19:11:01"
485,485,"join","Joseph joined Dating Over Meal","2011-09-05 19:11:01","2011-09-05 19:11:01"
486,486,"join","Sharon joined Dating Over Meal","2011-09-05 19:11:01","2011-09-05 19:11:01"
487,487,"join","Philip joined Dating Over Meal","2011-09-05 19:11:01","2011-09-05 19:11:01"
488,488,"join","Richard joined Dating Over Meal","2011-09-05 19:11:01","2011-09-05 19:11:01"
489,489,"join","Joseph joined Dating Over Meal","2011-09-05 19:11:02","2011-09-05 19:11:02"
490,490,"join","Barbara joined Dating Over Meal","2011-09-05 19:11:02","2011-09-05 19:11:02"
491,491,"join","Anna joined Dating Over Meal","2011-09-05 19:11:02","2011-09-05 19:11:02"
492,492,"join","Michelle joined Dating Over Meal","2011-09-05 19:11:02","2011-09-05 19:11:02"
493,493,"join","Anne joined Dating Over Meal","2011-09-05 19:11:02","2011-09-05 19:11:02"
494,494,"join","Harold joined Dating Over Meal","2011-09-05 19:11:02","2011-09-05 19:11:02"
495,495,"join","Tabitha joined Dating Over Meal","2011-09-05 19:11:02","2011-09-05 19:11:02"
496,496,"join","Anna joined Dating Over Meal","2011-09-05 19:11:02","2011-09-05 19:11:02"
497,497,"join","Judith joined Dating Over Meal","2011-09-05 19:11:02","2011-09-05 19:11:02"
498,498,"join","Dorothy joined Dating Over Meal","2011-09-05 19:11:03","2011-09-05 19:11:03"
499,499,"join","Polly joined Dating Over Meal","2011-09-05 19:11:03","2011-09-05 19:11:03"
500,500,"join","William joined Dating Over Meal","2011-09-05 19:11:03","2011-09-05 19:11:03"
501,501,"join","William joined Dating Over Meal","2011-09-05 19:11:03","2011-09-05 19:11:03"
502,502,"join","Tabitha joined Dating Over Meal","2011-09-05 19:11:03","2011-09-05 19:11:03"
503,503,"join","Helena joined Dating Over Meal","2011-09-05 19:11:03","2011-09-05 19:11:03"
504,504,"join","Michelle joined Dating Over Meal","2011-09-05 19:11:03","2011-09-05 19:11:03"
505,505,"join","Alison joined Dating Over Meal","2011-09-05 19:11:03","2011-09-05 19:11:03"
506,506,"join","David joined Dating Over Meal","2011-09-05 19:11:04","2011-09-05 19:11:04"
507,507,"join","George joined Dating Over Meal","2011-09-05 19:11:04","2011-09-05 19:11:04"
508,508,"join","Wendy joined Dating Over Meal","2011-09-05 19:11:04","2011-09-05 19:11:04"
509,509,"join","Betty joined Dating Over Meal","2011-09-05 19:11:04","2011-09-05 19:11:04"
510,510,"join","Jennifer joined Dating Over Meal","2011-09-05 19:11:04","2011-09-05 19:11:04"
511,511,"join","Robyn joined Dating Over Meal","2011-09-05 19:11:04","2011-09-05 19:11:04"
512,512,"join","Philip joined Dating Over Meal","2011-09-05 19:11:04","2011-09-05 19:11:04"
513,513,"join","Hugh joined Dating Over Meal","2011-09-05 19:11:04","2011-09-05 19:11:04"
514,514,"join","Harold joined Dating Over Meal","2011-09-05 19:11:04","2011-09-05 19:11:04"
515,515,"join","Robert joined Dating Over Meal","2011-09-05 19:11:05","2011-09-05 19:11:05"
516,516,"join","Patricia joined Dating Over Meal","2011-09-05 19:11:05","2011-09-05 19:11:05"
517,517,"join","George joined Dating Over Meal","2011-09-05 19:11:05","2011-09-05 19:11:05"
518,518,"join","Sarah joined Dating Over Meal","2011-09-05 19:11:05","2011-09-05 19:11:05"
519,519,"join","Terry joined Dating Over Meal","2011-09-05 19:11:05","2011-09-05 19:11:05"
520,520,"join","Lisa joined Dating Over Meal","2011-09-05 19:11:05","2011-09-05 19:11:05"
521,521,"join","Polly joined Dating Over Meal","2011-09-05 19:11:05","2011-09-05 19:11:05"
522,522,"join","Jason joined Dating Over Meal","2011-09-05 19:11:05","2011-09-05 19:11:05"
523,523,"join","Diana joined Dating Over Meal","2011-09-05 19:11:05","2011-09-05 19:11:05"
524,524,"join","Herbert joined Dating Over Meal","2011-09-05 19:11:06","2011-09-05 19:11:06"
525,525,"join","Hugh joined Dating Over Meal","2011-09-05 19:11:06","2011-09-05 19:11:06"
526,526,"join","Daniel joined Dating Over Meal","2011-09-05 19:11:06","2011-09-05 19:11:06"
527,527,"join","James joined Dating Over Meal","2011-09-05 19:11:06","2011-09-05 19:11:06"
528,528,"join","Wendy joined Dating Over Meal","2011-09-05 19:11:06","2011-09-05 19:11:06"
529,529,"join","Lucy joined Dating Over Meal","2011-09-05 19:11:06","2011-09-05 19:11:06"
530,530,"join","Simon joined Dating Over Meal","2011-09-05 19:11:06","2011-09-05 19:11:06"
531,531,"join","Daniel joined Dating Over Meal","2011-09-05 19:11:06","2011-09-05 19:11:06"
532,532,"join","Fiona joined Dating Over Meal","2011-09-05 19:11:06","2011-09-05 19:11:07"
533,533,"join","Betty joined Dating Over Meal","2011-09-05 19:11:07","2011-09-05 19:11:07"
534,534,"join","Lucy joined Dating Over Meal","2011-09-05 19:11:07","2011-09-05 19:11:07"
535,535,"join","Anthony joined Dating Over Meal","2011-09-05 19:11:07","2011-09-05 19:11:07"
536,536,"join","Diana joined Dating Over Meal","2011-09-05 19:11:07","2011-09-05 19:11:07"
537,537,"join","Robyn joined Dating Over Meal","2011-09-05 19:11:07","2011-09-05 19:11:07"
538,538,"join","Kevin joined Dating Over Meal","2011-09-05 19:11:07","2011-09-05 19:11:07"
539,539,"join","Kimberly joined Dating Over Meal","2011-09-05 19:11:07","2011-09-05 19:11:07"
540,540,"join","Victoria joined Dating Over Meal","2011-09-05 19:11:07","2011-09-05 19:11:07"
541,541,"join","Eve joined Dating Over Meal","2011-09-05 19:11:08","2011-09-05 19:11:08"
542,542,"join","Joseph joined Dating Over Meal","2011-09-05 19:11:08","2011-09-05 19:11:08"
543,543,"join","Harold joined Dating Over Meal","2011-09-05 19:11:08","2011-09-05 19:11:08"
544,544,"join","Christopher joined Dating Over Meal","2011-09-05 19:11:08","2011-09-05 19:11:08"
545,545,"join","Mark joined Dating Over Meal","2011-09-05 19:11:08","2011-09-05 19:11:08"
546,546,"join","Edward joined Dating Over Meal","2011-09-05 19:11:08","2011-09-05 19:11:08"
547,547,"join","Kevin joined Dating Over Meal","2011-09-05 19:11:08","2011-09-05 19:11:08"
548,548,"join","Adam joined Dating Over Meal","2011-09-05 19:11:08","2011-09-05 19:11:08"
549,549,"join","Michelle joined Dating Over Meal","2011-09-05 19:11:09","2011-09-05 19:11:09"
550,550,"join","Ruth joined Dating Over Meal","2011-09-05 19:11:09","2011-09-05 19:11:09"
551,551,"join","Donna joined Dating Over Meal","2011-09-05 19:11:09","2011-09-05 19:11:09"
552,552,"join","Polly joined Dating Over Meal","2011-09-05 19:11:09","2011-09-05 19:11:09"
553,553,"join","Roger joined Dating Over Meal","2011-09-05 19:11:09","2011-09-05 19:11:09"
554,554,"join","Carol joined Dating Over Meal","2011-09-05 19:11:09","2011-09-05 19:11:09"
555,555,"join","David joined Dating Over Meal","2011-09-05 19:11:09","2011-09-05 19:11:09"
556,556,"join","Paul joined Dating Over Meal","2011-09-05 19:11:09","2011-09-05 19:11:09"
557,557,"join","Susan joined Dating Over Meal","2011-09-05 19:11:10","2011-09-05 19:11:10"
558,558,"join","Anne joined Dating Over Meal","2011-09-05 19:11:10","2011-09-05 19:11:10"
559,559,"join","Michelle joined Dating Over Meal","2011-09-05 19:11:10","2011-09-05 19:11:10"
560,560,"join","James joined Dating Over Meal","2011-09-05 19:11:10","2011-09-05 19:11:10"
561,561,"join","Susan joined Dating Over Meal","2011-09-05 19:11:10","2011-09-05 19:11:10"
562,562,"join","Betty joined Dating Over Meal","2011-09-05 19:11:10","2011-09-05 19:11:10"
563,563,"join","Ronald joined Dating Over Meal","2011-09-05 19:11:10","2011-09-05 19:11:10"
564,564,"join","Alison joined Dating Over Meal","2011-09-05 19:11:10","2011-09-05 19:11:10"
565,565,"join","Adam joined Dating Over Meal","2011-09-05 19:11:10","2011-09-05 19:11:10"
566,566,"join","Donna joined Dating Over Meal","2011-09-05 19:11:11","2011-09-05 19:11:11"
567,567,"join","Diana joined Dating Over Meal","2011-09-05 19:11:11","2011-09-05 19:11:11"
568,568,"join","Jason joined Dating Over Meal","2011-09-05 19:11:11","2011-09-05 19:11:11"
569,569,"join","Robyn joined Dating Over Meal","2011-09-05 19:11:11","2011-09-05 19:11:11"
570,570,"join","Herbert joined Dating Over Meal","2011-09-05 19:11:11","2011-09-05 19:11:11"
571,571,"join","Alison joined Dating Over Meal","2011-09-05 19:11:11","2011-09-05 19:11:11"
572,572,"join","Betty joined Dating Over Meal","2011-09-05 19:11:11","2011-09-05 19:11:11"
573,573,"join","Michelle joined Dating Over Meal","2011-09-05 19:11:11","2011-09-05 19:11:11"
574,574,"join","Felicity joined Dating Over Meal","2011-09-05 19:11:12","2011-09-05 19:11:12"
575,575,"join","Edward joined Dating Over Meal","2011-09-05 19:11:12","2011-09-05 19:11:12"
576,576,"join","Margaret joined Dating Over Meal","2011-09-05 19:11:12","2011-09-05 19:11:12"
577,577,"join","Ursula joined Dating Over Meal","2011-09-05 19:11:12","2011-09-05 19:11:12"
578,578,"join","Judith joined Dating Over Meal","2011-09-05 19:11:12","2011-09-05 19:11:12"
579,579,"join","Edwin joined Dating Over Meal","2011-09-05 19:11:12","2011-09-05 19:11:12"
580,580,"join","James joined Dating Over Meal","2011-09-05 19:11:12","2011-09-05 19:11:12"
581,581,"join","Michael joined Dating Over Meal","2011-09-05 19:11:12","2011-09-05 19:11:12"
582,582,"join","Kimberly joined Dating Over Meal","2011-09-05 19:11:13","2011-09-05 19:11:13"
583,583,"join","Michael joined Dating Over Meal","2011-09-05 19:11:13","2011-09-05 19:11:13"
584,584,"join","Michael joined Dating Over Meal","2011-09-05 19:11:13","2011-09-05 19:11:13"
585,585,"join","Patricia joined Dating Over Meal","2011-09-05 19:11:13","2011-09-05 19:11:13"
586,586,"join","Kenneth joined Dating Over Meal","2011-09-05 19:11:13","2011-09-05 19:11:13"
587,587,"join","Charles joined Dating Over Meal","2011-09-05 19:11:13","2011-09-05 19:11:13"
588,588,"join","Thomas joined Dating Over Meal","2011-09-05 19:11:13","2011-09-05 19:11:13"
589,589,"join","Edgar joined Dating Over Meal","2011-09-05 19:11:13","2011-09-05 19:11:13"
590,590,"join","Brian joined Dating Over Meal","2011-09-05 19:11:14","2011-09-05 19:11:14"
591,591,"join","Philip joined Dating Over Meal","2011-09-05 19:11:14","2011-09-05 19:11:14"
592,592,"join","James joined Dating Over Meal","2011-09-05 19:11:14","2011-09-05 19:11:14"
593,593,"join","Brian joined Dating Over Meal","2011-09-05 19:11:14","2011-09-05 19:11:14"
594,594,"join","Charles joined Dating Over Meal","2011-09-05 19:11:14","2011-09-05 19:11:14"
595,595,"join","Lisa joined Dating Over Meal","2011-09-05 19:11:14","2011-09-05 19:11:14"
596,596,"join","Deborah joined Dating Over Meal","2011-09-05 19:11:14","2011-09-05 19:11:14"
597,597,"join","Donald joined Dating Over Meal","2011-09-05 19:11:14","2011-09-05 19:11:14"
598,598,"join","Dorothy joined Dating Over Meal","2011-09-05 19:11:14","2011-09-05 19:11:14"
599,599,"join","Michelle joined Dating Over Meal","2011-09-05 19:11:15","2011-09-05 19:11:15"
600,600,"join","Anne joined Dating Over Meal","2011-09-05 19:11:15","2011-09-05 19:11:15"
601,601,"join","Carol joined Dating Over Meal","2011-09-05 19:11:15","2011-09-05 19:11:15"
602,602,"join","Christopher joined Dating Over Meal","2011-09-05 19:11:15","2011-09-05 19:11:15"
603,603,"join","Dorothy joined Dating Over Meal","2011-09-05 19:11:15","2011-09-05 19:11:15"
604,604,"join","Hugh joined Dating Over Meal","2011-09-05 19:11:15","2011-09-05 19:11:15"
605,605,"join","Michael joined Dating Over Meal","2011-09-05 19:11:15","2011-09-05 19:11:15"
606,606,"join","Ronald joined Dating Over Meal","2011-09-05 19:11:15","2011-09-05 19:11:15"
607,607,"join","Hugh joined Dating Over Meal","2011-09-05 19:11:16","2011-09-05 19:11:16"
608,608,"join","Ronald joined Dating Over Meal","2011-09-05 19:11:16","2011-09-05 19:11:16"
609,609,"join","Kenneth joined Dating Over Meal","2011-09-05 19:11:16","2011-09-05 19:11:16"
610,610,"join","John joined Dating Over Meal","2011-09-05 19:11:16","2011-09-05 19:11:16"
611,611,"join","Simon joined Dating Over Meal","2011-09-05 19:11:16","2011-09-05 19:11:16"
612,612,"join","Anna joined Dating Over Meal","2011-09-05 19:11:16","2011-09-05 19:11:16"
613,613,"join","Kimberly joined Dating Over Meal","2011-09-05 19:11:16","2011-09-05 19:11:16"
614,614,"join","Hugh joined Dating Over Meal","2011-09-05 19:11:16","2011-09-05 19:11:16"
615,615,"join","Maria joined Dating Over Meal","2011-09-05 19:11:17","2011-09-05 19:11:17"
616,616,"join","Jason joined Dating Over Meal","2011-09-05 19:11:17","2011-09-05 19:11:17"
617,617,"join","Judith joined Dating Over Meal","2011-09-05 19:11:17","2011-09-05 19:11:17"
618,618,"join","Michelle joined Dating Over Meal","2011-09-05 19:11:17","2011-09-05 19:11:17"
619,619,"join","Betty joined Dating Over Meal","2011-09-05 19:11:17","2011-09-05 19:11:17"
620,620,"join","Christopher joined Dating Over Meal","2011-09-05 19:11:17","2011-09-05 19:11:17"
621,621,"join","Sarah joined Dating Over Meal","2011-09-05 19:11:17","2011-09-05 19:11:17"
622,622,"join","Polly joined Dating Over Meal","2011-09-05 19:11:17","2011-09-05 19:11:17"
623,623,"join","Edgar joined Dating Over Meal","2011-09-05 19:11:17","2011-09-05 19:11:17"
624,624,"join","Herbert joined Dating Over Meal","2011-09-05 19:11:18","2011-09-05 19:11:18"
625,625,"join","Edward joined Dating Over Meal","2011-09-05 19:11:18","2011-09-05 19:11:18"
626,626,"join","Diana joined Dating Over Meal","2011-09-05 19:11:18","2011-09-05 19:11:18"
627,627,"join","Hugh joined Dating Over Meal","2011-09-05 19:11:18","2011-09-05 19:11:18"
628,628,"join","Mary joined Dating Over Meal","2011-09-05 19:11:18","2011-09-05 19:11:18"
629,629,"join","Paul joined Dating Over Meal","2011-09-05 19:11:18","2011-09-05 19:11:18"
630,630,"join","Anna joined Dating Over Meal","2011-09-05 19:11:19","2011-09-05 19:11:19"
631,631,"join","Cheryl joined Dating Over Meal","2011-09-05 19:11:19","2011-09-05 19:11:19"
632,632,"join","Michael joined Dating Over Meal","2011-09-05 19:11:19","2011-09-05 19:11:19"
633,633,"join","Ruth joined Dating Over Meal","2011-09-05 19:11:19","2011-09-05 19:11:19"
634,634,"join","Betty joined Dating Over Meal","2011-09-05 19:11:19","2011-09-05 19:11:19"
635,635,"join","Laura joined Dating Over Meal","2011-09-05 19:11:19","2011-09-05 19:11:19"
636,636,"join","Mary joined Dating Over Meal","2011-09-05 19:11:19","2011-09-05 19:11:19"
637,637,"join","Patricia joined Dating Over Meal","2011-09-05 19:11:19","2011-09-05 19:11:19"
638,638,"join","Barbara joined Dating Over Meal","2011-09-05 19:11:19","2011-09-05 19:11:19"
639,639,"join","Betty joined Dating Over Meal","2011-09-05 19:11:20","2011-09-05 19:11:20"
640,640,"join","Sharon joined Dating Over Meal","2011-09-05 19:11:20","2011-09-05 19:11:20"
641,641,"join","Adam joined Dating Over Meal","2011-09-05 19:11:20","2011-09-05 19:11:20"
642,642,"join","Kevin joined Dating Over Meal","2011-09-05 19:11:20","2011-09-05 19:11:20"
643,643,"join","Steven joined Dating Over Meal","2011-09-05 19:11:20","2011-09-05 19:11:20"
644,644,"join","Arthur joined Dating Over Meal","2011-09-05 19:11:20","2011-09-05 19:11:20"
645,645,"join","Sarah joined Dating Over Meal","2011-09-05 19:11:20","2011-09-05 19:11:20"
646,646,"join","Steven joined Dating Over Meal","2011-09-05 19:11:20","2011-09-05 19:11:20"
647,647,"join","Christopher joined Dating Over Meal","2011-09-05 19:11:21","2011-09-05 19:11:21"
648,648,"join","Sandra joined Dating Over Meal","2011-09-05 19:11:21","2011-09-05 19:11:21"
649,649,"join","Deborah joined Dating Over Meal","2011-09-05 19:11:21","2011-09-05 19:11:21"
650,650,"join","Philip joined Dating Over Meal","2011-09-05 19:11:21","2011-09-05 19:11:21"
651,651,"join","Dorothy joined Dating Over Meal","2011-09-05 19:11:21","2011-09-05 19:11:21"
652,652,"join","Nancy joined Dating Over Meal","2011-09-05 19:11:21","2011-09-05 19:11:21"
653,653,"join","Edgar joined Dating Over Meal","2011-09-05 19:11:21","2011-09-05 19:11:21"
654,654,"join","Simon joined Dating Over Meal","2011-09-05 19:11:21","2011-09-05 19:11:21"
655,655,"join","Sandra joined Dating Over Meal","2011-09-05 19:11:22","2011-09-05 19:11:22"
656,656,"join","Lucy joined Dating Over Meal","2011-09-05 19:11:22","2011-09-05 19:11:22"
657,657,"join","Deborah joined Dating Over Meal","2011-09-05 19:11:22","2011-09-05 19:11:22"
658,658,"join","Lucy joined Dating Over Meal","2011-09-05 19:11:22","2011-09-05 19:11:22"
659,659,"join","Cheryl joined Dating Over Meal","2011-09-05 19:11:22","2011-09-05 19:11:22"
660,660,"join","Cheryl joined Dating Over Meal","2011-09-05 19:11:22","2011-09-05 19:11:22"
661,661,"join","Simon joined Dating Over Meal","2011-09-05 19:11:22","2011-09-05 19:11:22"
662,662,"join","Helena joined Dating Over Meal","2011-09-05 19:11:22","2011-09-05 19:11:22"
663,663,"join","Lisa joined Dating Over Meal","2011-09-05 19:11:22","2011-09-05 19:11:22"
664,664,"join","Charles joined Dating Over Meal","2011-09-05 19:11:23","2011-09-05 19:11:23"
665,665,"join","Cheryl joined Dating Over Meal","2011-09-05 19:11:23","2011-09-05 19:11:23"
666,666,"join","Donald joined Dating Over Meal","2011-09-05 19:11:23","2011-09-05 19:11:23"
667,667,"join","Paul joined Dating Over Meal","2011-09-05 19:11:23","2011-09-05 19:11:23"
668,668,"join","Tabitha joined Dating Over Meal","2011-09-05 19:11:23","2011-09-05 19:11:23"
669,669,"join","Christopher joined Dating Over Meal","2011-09-05 19:11:23","2011-09-05 19:11:23"
670,670,"join","Maria joined Dating Over Meal","2011-09-05 19:11:23","2011-09-05 19:11:23"
671,671,"join","Betty joined Dating Over Meal","2011-09-05 19:11:23","2011-09-05 19:11:23"
672,672,"join","Edward joined Dating Over Meal","2011-09-05 19:11:24","2011-09-05 19:11:24"
673,673,"join","Edgar joined Dating Over Meal","2011-09-05 19:11:24","2011-09-05 19:11:24"
674,674,"join","Donald joined Dating Over Meal","2011-09-05 19:11:24","2011-09-05 19:11:24"
675,675,"join","Cheryl joined Dating Over Meal","2011-09-05 19:11:24","2011-09-05 19:11:24"
676,676,"join","Simon joined Dating Over Meal","2011-09-05 19:11:24","2011-09-05 19:11:24"
677,677,"join","Hugh joined Dating Over Meal","2011-09-05 19:11:24","2011-09-05 19:11:24"
678,678,"join","Joseph joined Dating Over Meal","2011-09-05 19:11:24","2011-09-05 19:11:24"
679,679,"join","Kimberly joined Dating Over Meal","2011-09-05 19:11:24","2011-09-05 19:11:24"
680,680,"join","Polly joined Dating Over Meal","2011-09-05 19:11:25","2011-09-05 19:11:25"
681,681,"join","Jessica joined Dating Over Meal","2011-09-05 19:11:25","2011-09-05 19:11:25"
682,682,"join","Fiona joined Dating Over Meal","2011-09-05 19:11:25","2011-09-05 19:11:25"
683,683,"join","William joined Dating Over Meal","2011-09-05 19:11:25","2011-09-05 19:11:25"
684,684,"join","Anne joined Dating Over Meal","2011-09-05 19:11:25","2011-09-05 19:11:25"
685,685,"join","Diana joined Dating Over Meal","2011-09-05 19:11:25","2011-09-05 19:11:25"
686,686,"join","Joseph joined Dating Over Meal","2011-09-05 19:11:25","2011-09-05 19:11:25"
687,687,"join","Ronald joined Dating Over Meal","2011-09-05 19:11:25","2011-09-05 19:11:25"
688,688,"join","Charles joined Dating Over Meal","2011-09-05 19:11:25","2011-09-05 19:11:25"
689,689,"join","Adam joined Dating Over Meal","2011-09-05 19:11:26","2011-09-05 19:11:26"
690,690,"join","Herbert joined Dating Over Meal","2011-09-05 19:11:26","2011-09-05 19:11:26"
691,691,"join","Herbert joined Dating Over Meal","2011-09-05 19:11:26","2011-09-05 19:11:26"
692,692,"join","Jason joined Dating Over Meal","2011-09-05 19:11:26","2011-09-05 19:11:26"
693,693,"join","Charlotte joined Dating Over Meal","2011-09-05 19:11:26","2011-09-05 19:11:26"
694,694,"join","Eve joined Dating Over Meal","2011-09-05 19:11:26","2011-09-05 19:11:26"
695,695,"join","Patricia joined Dating Over Meal","2011-09-05 19:11:26","2011-09-05 19:11:26"
696,696,"join","Donna joined Dating Over Meal","2011-09-05 19:11:26","2011-09-05 19:11:26"
697,697,"join","Patricia joined Dating Over Meal","2011-09-05 19:11:27","2011-09-05 19:11:27"
698,698,"join","Kenneth joined Dating Over Meal","2011-09-05 19:11:27","2011-09-05 19:11:27"
699,699,"join","Adam joined Dating Over Meal","2011-09-05 19:11:27","2011-09-05 19:11:27"
700,700,"join","Ronald joined Dating Over Meal","2011-09-05 19:11:27","2011-09-05 19:11:27"
701,701,"join","Jessica joined Dating Over Meal","2011-09-05 19:11:27","2011-09-05 19:11:27"
702,702,"join","Sarah joined Dating Over Meal","2011-09-05 19:11:27","2011-09-05 19:11:27"
703,703,"join","Herbert joined Dating Over Meal","2011-09-05 19:11:27","2011-09-05 19:11:27"
704,704,"join","Thomas joined Dating Over Meal","2011-09-05 19:11:27","2011-09-05 19:11:27"
705,705,"join","Hugh joined Dating Over Meal","2011-09-05 19:11:27","2011-09-05 19:11:27"
706,706,"join","Mark joined Dating Over Meal","2011-09-05 19:11:28","2011-09-05 19:11:28"
707,707,"join","Simon joined Dating Over Meal","2011-09-05 19:11:28","2011-09-05 19:11:28"
708,708,"join","Judith joined Dating Over Meal","2011-09-05 19:11:28","2011-09-05 19:11:28"
709,709,"join","Joseph joined Dating Over Meal","2011-09-05 19:11:28","2011-09-05 19:11:28"
710,710,"join","Linda joined Dating Over Meal","2011-09-05 19:11:28","2011-09-05 19:11:28"
711,711,"join","Sandra joined Dating Over Meal","2011-09-05 19:11:28","2011-09-05 19:11:28"
712,712,"join","Roger joined Dating Over Meal","2011-09-05 19:11:28","2011-09-05 19:11:28"
713,713,"join","Patricia joined Dating Over Meal","2011-09-05 19:11:28","2011-09-05 19:11:28"
714,714,"join","Diana joined Dating Over Meal","2011-09-05 19:11:29","2011-09-05 19:11:29"
715,715,"join","Sandra joined Dating Over Meal","2011-09-05 19:11:29","2011-09-05 19:11:29"
716,716,"join","Harold joined Dating Over Meal","2011-09-05 19:11:29","2011-09-05 19:11:29"
717,717,"join","Terry joined Dating Over Meal","2011-09-05 19:11:29","2011-09-05 19:11:29"
718,718,"join","Margaret joined Dating Over Meal","2011-09-05 19:11:29","2011-09-05 19:11:29"
719,719,"join","Thomas joined Dating Over Meal","2011-09-05 19:11:29","2011-09-05 19:11:29"
720,720,"join","Adam joined Dating Over Meal","2011-09-05 19:11:29","2011-09-05 19:11:29"
721,721,"join","Betty joined Dating Over Meal","2011-09-05 19:11:29","2011-09-05 19:11:29"
722,722,"join","Jennifer joined Dating Over Meal","2011-09-05 19:11:29","2011-09-05 19:11:29"
723,723,"join","William joined Dating Over Meal","2011-09-05 19:11:30","2011-09-05 19:11:30"
724,724,"join","Sandra joined Dating Over Meal","2011-09-05 19:11:30","2011-09-05 19:11:30"
725,725,"join","Marcus joined Dating Over Meal","2011-09-05 19:11:30","2011-09-05 19:11:30"
726,726,"join","Laura joined Dating Over Meal","2011-09-05 19:11:30","2011-09-05 19:11:30"
727,727,"join","Jessica joined Dating Over Meal","2011-09-05 19:11:30","2011-09-05 19:11:30"
728,728,"join","Jason joined Dating Over Meal","2011-09-05 19:11:30","2011-09-05 19:11:30"
729,729,"join","Michelle joined Dating Over Meal","2011-09-05 19:11:30","2011-09-05 19:11:30"
730,730,"join","Barbara joined Dating Over Meal","2011-09-05 19:11:30","2011-09-05 19:11:30"
731,731,"join","Joseph joined Dating Over Meal","2011-09-05 19:11:31","2011-09-05 19:11:31"
732,732,"join","Arthur joined Dating Over Meal","2011-09-05 19:11:31","2011-09-05 19:11:31"
733,733,"join","Michael joined Dating Over Meal","2011-09-05 19:11:31","2011-09-05 19:11:31"
734,734,"join","Arthur joined Dating Over Meal","2011-09-05 19:11:31","2011-09-05 19:11:31"
735,735,"join","Nancy joined Dating Over Meal","2011-09-05 19:11:31","2011-09-05 19:11:31"
736,736,"join","Jennifer joined Dating Over Meal","2011-09-05 19:11:31","2011-09-05 19:11:31"
737,737,"join","Marcus joined Dating Over Meal","2011-09-05 19:11:31","2011-09-05 19:11:31"
738,738,"join","Donald joined Dating Over Meal","2011-09-05 19:11:31","2011-09-05 19:11:31"
739,739,"join","Margaret joined Dating Over Meal","2011-09-05 19:11:32","2011-09-05 19:11:32"
740,740,"join","Polly joined Dating Over Meal","2011-09-05 19:11:32","2011-09-05 19:11:32"
741,741,"join","Hugh joined Dating Over Meal","2011-09-05 19:11:32","2011-09-05 19:11:32"
742,742,"join","Laura joined Dating Over Meal","2011-09-05 19:11:32","2011-09-05 19:11:32"
743,743,"join","Kevin joined Dating Over Meal","2011-09-05 19:11:32","2011-09-05 19:11:32"
744,744,"join","Eve joined Dating Over Meal","2011-09-05 19:11:32","2011-09-05 19:11:32"
745,745,"join","Donald joined Dating Over Meal","2011-09-05 19:11:32","2011-09-05 19:11:32"
746,746,"join","Alison joined Dating Over Meal","2011-09-05 19:11:32","2011-09-05 19:11:32"
747,747,"join","Karen joined Dating Over Meal","2011-09-05 19:11:33","2011-09-05 19:11:33"
748,748,"join","Sharon joined Dating Over Meal","2011-09-05 19:11:33","2011-09-05 19:11:33"
749,749,"join","Nancy joined Dating Over Meal","2011-09-05 19:11:33","2011-09-05 19:11:33"
750,750,"join","Ursula joined Dating Over Meal","2011-09-05 19:11:33","2011-09-05 19:11:33"
751,751,"join","Lucy joined Dating Over Meal","2011-09-05 19:11:33","2011-09-05 19:11:33"
752,752,"join","Roger joined Dating Over Meal","2011-09-05 19:11:33","2011-09-05 19:11:33"
753,753,"join","Laura joined Dating Over Meal","2011-09-05 19:11:33","2011-09-05 19:11:33"
754,754,"join","Barbara joined Dating Over Meal","2011-09-05 19:11:33","2011-09-05 19:11:33"
755,755,"join","Ann joined Dating Over Meal","2011-09-05 19:11:34","2011-09-05 19:11:34"
756,756,"join","Ruth joined Dating Over Meal","2011-09-05 19:11:34","2011-09-05 19:11:34"
757,757,"join","Betty joined Dating Over Meal","2011-09-05 19:11:34","2011-09-05 19:11:34"
758,758,"join","Anne joined Dating Over Meal","2011-09-05 19:11:34","2011-09-05 19:11:34"
759,759,"join","Betty joined Dating Over Meal","2011-09-05 19:11:34","2011-09-05 19:11:34"
760,760,"join","Kevin joined Dating Over Meal","2011-09-05 19:11:34","2011-09-05 19:11:34"
761,761,"join","David joined Dating Over Meal","2011-09-05 19:11:34","2011-09-05 19:11:34"
762,762,"join","Sarah joined Dating Over Meal","2011-09-05 19:11:34","2011-09-05 19:11:34"
763,763,"join","Fiona joined Dating Over Meal","2011-09-05 19:11:34","2011-09-05 19:11:34"
764,764,"join","Lucy joined Dating Over Meal","2011-09-05 19:11:35","2011-09-05 19:11:35"
765,765,"join","Edward joined Dating Over Meal","2011-09-05 19:11:35","2011-09-05 19:11:35"
766,766,"join","Sarah joined Dating Over Meal","2011-09-05 19:11:35","2011-09-05 19:11:35"
767,767,"join","Herbert joined Dating Over Meal","2011-09-05 19:11:35","2011-09-05 19:11:35"
768,768,"join","Beryl joined Dating Over Meal","2011-09-05 19:11:35","2011-09-05 19:11:35"
769,769,"join","Elizabeth joined Dating Over Meal","2011-09-05 19:11:35","2011-09-05 19:11:35"
770,770,"join","Alison joined Dating Over Meal","2011-09-05 19:11:35","2011-09-05 19:11:35"
771,771,"join","Beryl joined Dating Over Meal","2011-09-05 19:11:35","2011-09-05 19:11:35"
772,772,"join","Michael joined Dating Over Meal","2011-09-05 19:11:36","2011-09-05 19:11:36"
773,773,"join","Lucy joined Dating Over Meal","2011-09-05 19:11:36","2011-09-05 19:11:36"
774,774,"join","Roger joined Dating Over Meal","2011-09-05 19:11:36","2011-09-05 19:11:36"
775,775,"join","Anthony joined Dating Over Meal","2011-09-05 19:11:36","2011-09-05 19:11:36"
776,776,"join","Tabitha joined Dating Over Meal","2011-09-05 19:11:36","2011-09-05 19:11:36"
777,777,"join","Brian joined Dating Over Meal","2011-09-05 19:11:36","2011-09-05 19:11:36"
778,778,"join","Kenneth joined Dating Over Meal","2011-09-05 19:11:36","2011-09-05 19:11:36"
779,779,"join","Felicity joined Dating Over Meal","2011-09-05 19:11:36","2011-09-05 19:11:36"
780,780,"join","Ruth joined Dating Over Meal","2011-09-05 19:11:37","2011-09-05 19:11:37"
781,781,"join","Steven joined Dating Over Meal","2011-09-05 19:11:37","2011-09-05 19:11:37"
782,782,"join","Lisa joined Dating Over Meal","2011-09-05 19:11:37","2011-09-05 19:11:37"
783,783,"join","Daniel joined Dating Over Meal","2011-09-05 19:11:37","2011-09-05 19:11:37"
784,784,"join","Joseph joined Dating Over Meal","2011-09-05 19:11:37","2011-09-05 19:11:37"
785,785,"join","Christopher joined Dating Over Meal","2011-09-05 19:11:37","2011-09-05 19:11:37"
786,786,"join","Robert joined Dating Over Meal","2011-09-05 19:11:37","2011-09-05 19:11:37"
787,787,"join","Edward joined Dating Over Meal","2011-09-05 19:11:37","2011-09-05 19:11:37"
788,788,"join","Matthew joined Dating Over Meal","2011-09-05 19:11:38","2011-09-05 19:11:38"
789,789,"join","Brian joined Dating Over Meal","2011-09-05 19:11:38","2011-09-05 19:11:38"
790,790,"join","Brian joined Dating Over Meal","2011-09-05 19:11:38","2011-09-05 19:11:38"
791,791,"join","Alison joined Dating Over Meal","2011-09-05 19:11:38","2011-09-05 19:11:38"
792,792,"join","Jessica joined Dating Over Meal","2011-09-05 19:11:38","2011-09-05 19:11:38"
793,793,"join","Deborah joined Dating Over Meal","2011-09-05 19:11:38","2011-09-05 19:11:38"
794,794,"join","Terry joined Dating Over Meal","2011-09-05 19:11:38","2011-09-05 19:11:38"
795,795,"join","Marcus joined Dating Over Meal","2011-09-05 19:11:38","2011-09-05 19:11:38"
796,796,"join","Daniel joined Dating Over Meal","2011-09-05 19:11:38","2011-09-05 19:11:38"
797,797,"join","Helena joined Dating Over Meal","2011-09-05 19:11:39","2011-09-05 19:11:39"
798,798,"join","Elizabeth joined Dating Over Meal","2011-09-05 19:11:39","2011-09-05 19:11:39"
799,799,"join","Lucy joined Dating Over Meal","2011-09-05 19:11:39","2011-09-05 19:11:39"
800,800,"join","Jennifer joined Dating Over Meal","2011-09-05 19:11:39","2011-09-05 19:11:39"
801,801,"join","Barbara joined Dating Over Meal","2011-09-05 19:11:39","2011-09-05 19:11:39"
802,802,"join","Wendy joined Dating Over Meal","2011-09-05 19:11:39","2011-09-05 19:11:39"
803,803,"join","Beryl joined Dating Over Meal","2011-09-05 19:11:39","2011-09-05 19:11:39"
804,804,"join","Robert joined Dating Over Meal","2011-09-05 19:11:39","2011-09-05 19:11:39"
805,805,"join","Ronald joined Dating Over Meal","2011-09-05 19:11:40","2011-09-05 19:11:40"
806,806,"join","Ursula joined Dating Over Meal","2011-09-05 19:11:40","2011-09-05 19:11:40"
807,807,"join","Donald joined Dating Over Meal","2011-09-05 19:11:40","2011-09-05 19:11:40"
808,808,"join","Deborah joined Dating Over Meal","2011-09-05 19:11:40","2011-09-05 19:11:40"
809,809,"join","Marcus joined Dating Over Meal","2011-09-05 19:11:40","2011-09-05 19:11:40"
810,810,"join","Dorothy joined Dating Over Meal","2011-09-05 19:11:40","2011-09-05 19:11:40"
811,811,"join","Terry joined Dating Over Meal","2011-09-05 19:11:40","2011-09-05 19:11:40"
812,812,"join","Ann joined Dating Over Meal","2011-09-05 19:11:40","2011-09-05 19:11:40"
813,813,"join","Richard joined Dating Over Meal","2011-09-05 19:11:40","2011-09-05 19:11:40"
814,814,"join","Daniel joined Dating Over Meal","2011-09-05 19:11:41","2011-09-05 19:11:41"
815,815,"join","Edward joined Dating Over Meal","2011-09-05 19:11:41","2011-09-05 19:11:41"
816,816,"join","Marcus joined Dating Over Meal","2011-09-05 19:11:41","2011-09-05 19:11:41"
817,817,"join","Mary joined Dating Over Meal","2011-09-05 19:11:41","2011-09-05 19:11:41"
818,818,"join","Anne joined Dating Over Meal","2011-09-05 19:11:41","2011-09-05 19:11:41"
819,819,"join","Margaret joined Dating Over Meal","2011-09-05 19:11:41","2011-09-05 19:11:41"
820,820,"join","Joseph joined Dating Over Meal","2011-09-05 19:11:41","2011-09-05 19:11:41"
821,821,"join","Mary joined Dating Over Meal","2011-09-05 19:11:41","2011-09-05 19:11:41"
822,822,"join","William joined Dating Over Meal","2011-09-05 19:11:42","2011-09-05 19:11:42"
823,823,"join","Deborah joined Dating Over Meal","2011-09-05 19:11:42","2011-09-05 19:11:42"
824,824,"join","Elizabeth joined Dating Over Meal","2011-09-05 19:11:42","2011-09-05 19:11:42"
825,825,"join","Maria joined Dating Over Meal","2011-09-05 19:11:42","2011-09-05 19:11:42"
826,826,"join","Anna joined Dating Over Meal","2011-09-05 19:11:42","2011-09-05 19:11:42"
827,827,"join","Diana joined Dating Over Meal","2011-09-05 19:11:42","2011-09-05 19:11:42"
828,828,"join","Laura joined Dating Over Meal","2011-09-05 19:11:42","2011-09-05 19:11:42"
829,829,"join","Robyn joined Dating Over Meal","2011-09-05 19:11:42","2011-09-05 19:11:42"
830,830,"join","Betty joined Dating Over Meal","2011-09-05 19:11:43","2011-09-05 19:11:43"
831,831,"join","Matthew joined Dating Over Meal","2011-09-05 19:11:43","2011-09-05 19:11:43"
832,832,"join","Laura joined Dating Over Meal","2011-09-05 19:11:43","2011-09-05 19:11:43"
833,833,"join","Eve joined Dating Over Meal","2011-09-05 19:11:43","2011-09-05 19:11:43"
834,834,"join","John joined Dating Over Meal","2011-09-05 19:11:43","2011-09-05 19:11:43"
835,835,"join","Sharon joined Dating Over Meal","2011-09-05 19:11:43","2011-09-05 19:11:43"
836,836,"join","Hugh joined Dating Over Meal","2011-09-05 19:11:43","2011-09-05 19:11:43"
837,837,"join","Robyn joined Dating Over Meal","2011-09-05 19:11:43","2011-09-05 19:11:43"
838,838,"join","Daniel joined Dating Over Meal","2011-09-05 19:11:43","2011-09-05 19:11:43"
839,839,"join","Anna joined Dating Over Meal","2011-09-05 19:11:44","2011-09-05 19:11:44"
840,840,"join","Ursula joined Dating Over Meal","2011-09-05 19:11:44","2011-09-05 19:11:44"
841,841,"join","Susan joined Dating Over Meal","2011-09-05 19:11:44","2011-09-05 19:11:44"
842,842,"join","Cheryl joined Dating Over Meal","2011-09-05 19:11:44","2011-09-05 19:11:44"
843,843,"join","Susan joined Dating Over Meal","2011-09-05 19:11:44","2011-09-05 19:11:44"
844,844,"join","Ruth joined Dating Over Meal","2011-09-05 19:11:44","2011-09-05 19:11:44"
845,845,"join","Matthew joined Dating Over Meal","2011-09-05 19:11:44","2011-09-05 19:11:44"
846,846,"join","Susan joined Dating Over Meal","2011-09-05 19:11:44","2011-09-05 19:11:44"
847,847,"join","Alison joined Dating Over Meal","2011-09-05 19:11:45","2011-09-05 19:11:45"
848,848,"join","Patricia joined Dating Over Meal","2011-09-05 19:11:45","2011-09-05 19:11:45"
849,849,"join","Hugh joined Dating Over Meal","2011-09-05 19:11:45","2011-09-05 19:11:45"
850,850,"join","Michael joined Dating Over Meal","2011-09-05 19:11:45","2011-09-05 19:11:45"
851,851,"join","Kenneth joined Dating Over Meal","2011-09-05 19:11:45","2011-09-05 19:11:45"
852,852,"join","Sandra joined Dating Over Meal","2011-09-05 19:11:45","2011-09-05 19:11:45"
853,853,"join","Carol joined Dating Over Meal","2011-09-05 19:11:46","2011-09-05 19:11:46"
854,854,"join","Charlotte joined Dating Over Meal","2011-09-05 19:11:46","2011-09-05 19:11:46"
855,855,"join","Fiona joined Dating Over Meal","2011-09-05 19:11:46","2011-09-05 19:11:46"
856,856,"join","Laura joined Dating Over Meal","2011-09-05 19:11:46","2011-09-05 19:11:46"
857,857,"join","David joined Dating Over Meal","2011-09-05 19:11:46","2011-09-05 19:11:46"
858,858,"join","Ursula joined Dating Over Meal","2011-09-05 19:11:46","2011-09-05 19:11:46"
859,859,"join","Cheryl joined Dating Over Meal","2011-09-05 19:11:46","2011-09-05 19:11:46"
860,860,"join","James joined Dating Over Meal","2011-09-05 19:11:46","2011-09-05 19:11:46"
861,861,"join","Deborah joined Dating Over Meal","2011-09-05 19:11:46","2011-09-05 19:11:46"
862,862,"join","Margaret joined Dating Over Meal","2011-09-05 19:11:47","2011-09-05 19:11:47"
863,863,"join","Fiona joined Dating Over Meal","2011-09-05 19:11:47","2011-09-05 19:11:47"
864,864,"join","Sharon joined Dating Over Meal","2011-09-05 19:11:47","2011-09-05 19:11:47"
865,865,"join","Robyn joined Dating Over Meal","2011-09-05 19:11:47","2011-09-05 19:11:47"
866,866,"join","Anthony joined Dating Over Meal","2011-09-05 19:11:47","2011-09-05 19:11:47"
867,867,"join","Brian joined Dating Over Meal","2011-09-05 19:11:47","2011-09-05 19:11:47"
868,868,"join","Beryl joined Dating Over Meal","2011-09-05 19:11:47","2011-09-05 19:11:47"
869,869,"join","Thomas joined Dating Over Meal","2011-09-05 19:11:47","2011-09-05 19:11:47"
870,870,"join","Arthur joined Dating Over Meal","2011-09-05 19:11:48","2011-09-05 19:11:48"
871,871,"join","Lucy joined Dating Over Meal","2011-09-05 19:11:48","2011-09-05 19:11:48"
872,872,"join","Robyn joined Dating Over Meal","2011-09-05 19:11:48","2011-09-05 19:11:48"
873,873,"join","Charles joined Dating Over Meal","2011-09-05 19:11:48","2011-09-05 19:11:48"
874,874,"join","Felicity joined Dating Over Meal","2011-09-05 19:11:48","2011-09-05 19:11:48"
875,875,"join","Charlotte joined Dating Over Meal","2011-09-05 19:11:48","2011-09-05 19:11:48"
876,876,"join","Herbert joined Dating Over Meal","2011-09-05 19:11:48","2011-09-05 19:11:48"
877,877,"join","Hugh joined Dating Over Meal","2011-09-05 19:11:48","2011-09-05 19:11:48"
878,878,"join","Philip joined Dating Over Meal","2011-09-05 19:11:49","2011-09-05 19:11:49"
879,879,"join","Dorothy joined Dating Over Meal","2011-09-05 19:11:49","2011-09-05 19:11:49"
880,880,"join","Dorothy joined Dating Over Meal","2011-09-05 19:11:49","2011-09-05 19:11:49"
881,881,"join","Terry joined Dating Over Meal","2011-09-05 19:11:49","2011-09-05 19:11:49"
882,882,"join","Elizabeth joined Dating Over Meal","2011-09-05 19:11:49","2011-09-05 19:11:49"
883,883,"join","Lucy joined Dating Over Meal","2011-09-05 19:11:49","2011-09-05 19:11:49"
884,884,"join","Helen joined Dating Over Meal","2011-09-05 19:11:49","2011-09-05 19:11:49"
885,885,"join","Lisa joined Dating Over Meal","2011-09-05 19:11:50","2011-09-05 19:11:50"
886,886,"join","Adam joined Dating Over Meal","2011-09-05 19:11:50","2011-09-05 19:11:50"
887,887,"join","Sarah joined Dating Over Meal","2011-09-05 19:11:50","2011-09-05 19:11:50"
888,888,"join","Deborah joined Dating Over Meal","2011-09-05 19:11:50","2011-09-05 19:11:50"
889,889,"join","Anne joined Dating Over Meal","2011-09-05 19:11:50","2011-09-05 19:11:50"
890,890,"join","Mark joined Dating Over Meal","2011-09-05 19:11:50","2011-09-05 19:11:50"
891,891,"join","Michael joined Dating Over Meal","2011-09-05 19:11:50","2011-09-05 19:11:50"
892,892,"join","Dorothy joined Dating Over Meal","2011-09-05 19:11:50","2011-09-05 19:11:50"
893,893,"join","Felicity joined Dating Over Meal","2011-09-05 19:11:50","2011-09-05 19:11:50"
894,894,"join","James joined Dating Over Meal","2011-09-05 19:11:51","2011-09-05 19:11:51"
895,895,"join","Philip joined Dating Over Meal","2011-09-05 19:11:51","2011-09-05 19:11:51"
896,896,"join","Donna joined Dating Over Meal","2011-09-05 19:11:51","2011-09-05 19:11:51"
897,897,"join","Felicity joined Dating Over Meal","2011-09-05 19:11:51","2011-09-05 19:11:51"
898,898,"join","Sharon joined Dating Over Meal","2011-09-05 19:11:51","2011-09-05 19:11:51"
899,899,"join","Nancy joined Dating Over Meal","2011-09-05 19:11:51","2011-09-05 19:11:51"
900,900,"join","Philip joined Dating Over Meal","2011-09-05 19:11:51","2011-09-05 19:11:51"
901,901,"join","Jennifer joined Dating Over Meal","2011-09-05 19:11:51","2011-09-05 19:11:51"
902,902,"join","Diana joined Dating Over Meal","2011-09-05 19:11:52","2011-09-05 19:11:52"
903,903,"join","Susan joined Dating Over Meal","2011-09-05 19:11:52","2011-09-05 19:11:52"
904,904,"join","Linda joined Dating Over Meal","2011-09-05 19:11:52","2011-09-05 19:11:52"
905,905,"join","Anthony joined Dating Over Meal","2011-09-05 19:11:52","2011-09-05 19:11:52"
906,906,"join","Jennifer joined Dating Over Meal","2011-09-05 19:11:52","2011-09-05 19:11:52"
907,907,"join","Philip joined Dating Over Meal","2011-09-05 19:11:52","2011-09-05 19:11:52"
908,908,"join","Christopher joined Dating Over Meal","2011-09-05 19:11:52","2011-09-05 19:11:52"
909,909,"join","Kimberly joined Dating Over Meal","2011-09-05 19:11:52","2011-09-05 19:11:52"
910,910,"join","Anne joined Dating Over Meal","2011-09-05 19:11:53","2011-09-05 19:11:53"
911,911,"join","Fiona joined Dating Over Meal","2011-09-05 19:11:53","2011-09-05 19:11:53"
912,912,"join","Helen joined Dating Over Meal","2011-09-05 19:11:53","2011-09-05 19:11:53"
913,913,"join","Marcus joined Dating Over Meal","2011-09-05 19:11:53","2011-09-05 19:11:53"
914,914,"join","Karen joined Dating Over Meal","2011-09-05 19:11:53","2011-09-05 19:11:53"
915,915,"join","Joseph joined Dating Over Meal","2011-09-05 19:11:53","2011-09-05 19:11:53"
916,916,"join","Sandra joined Dating Over Meal","2011-09-05 19:11:53","2011-09-05 19:11:53"
917,917,"join","Kimberly joined Dating Over Meal","2011-09-05 19:11:53","2011-09-05 19:11:53"
918,918,"join","Deborah joined Dating Over Meal","2011-09-05 19:11:53","2011-09-05 19:11:53"
919,919,"join","Deborah joined Dating Over Meal","2011-09-05 19:11:54","2011-09-05 19:11:54"
920,920,"join","Carol joined Dating Over Meal","2011-09-05 19:11:54","2011-09-05 19:11:54"
921,921,"join","Linda joined Dating Over Meal","2011-09-05 19:11:54","2011-09-05 19:11:54"
922,922,"join","Alison joined Dating Over Meal","2011-09-05 19:11:54","2011-09-05 19:11:54"
923,923,"join","Ronald joined Dating Over Meal","2011-09-05 19:11:54","2011-09-05 19:11:54"
924,924,"join","Roger joined Dating Over Meal","2011-09-05 19:11:54","2011-09-05 19:11:54"
925,925,"join","Polly joined Dating Over Meal","2011-09-05 19:11:54","2011-09-05 19:11:54"
926,926,"join","Alison joined Dating Over Meal","2011-09-05 19:11:54","2011-09-05 19:11:54"
927,927,"join","Michael joined Dating Over Meal","2011-09-05 19:11:55","2011-09-05 19:11:55"
928,928,"join","Mary joined Dating Over Meal","2011-09-05 19:11:55","2011-09-05 19:11:55"
929,929,"join","Herbert joined Dating Over Meal","2011-09-05 19:11:55","2011-09-05 19:11:55"
930,930,"join","Paul joined Dating Over Meal","2011-09-05 19:11:55","2011-09-05 19:11:55"
931,931,"join","Terry joined Dating Over Meal","2011-09-05 19:11:55","2011-09-05 19:11:55"
932,932,"join","Sandra joined Dating Over Meal","2011-09-05 19:11:55","2011-09-05 19:11:55"
933,933,"join","Ursula joined Dating Over Meal","2011-09-05 19:11:55","2011-09-05 19:11:55"
934,934,"join","Hugh joined Dating Over Meal","2011-09-05 19:11:55","2011-09-05 19:11:55"
935,935,"join","Elizabeth joined Dating Over Meal","2011-09-05 19:11:56","2011-09-05 19:11:56"
936,936,"join","Charles joined Dating Over Meal","2011-09-05 19:11:56","2011-09-05 19:11:56"
937,937,"join","Judith joined Dating Over Meal","2011-09-05 19:11:56","2011-09-05 19:11:56"
938,938,"join","Anna joined Dating Over Meal","2011-09-05 19:11:56","2011-09-05 19:11:56"
939,939,"join","Charles joined Dating Over Meal","2011-09-05 19:11:56","2011-09-05 19:11:56"
940,940,"join","Christopher joined Dating Over Meal","2011-09-05 19:11:56","2011-09-05 19:11:56"
941,941,"join","Sarah joined Dating Over Meal","2011-09-05 19:11:56","2011-09-05 19:11:56"
942,942,"join","Barbara joined Dating Over Meal","2011-09-05 19:11:56","2011-09-05 19:11:56"
943,943,"join","Cheryl joined Dating Over Meal","2011-09-05 19:11:56","2011-09-05 19:11:56"
944,944,"join","Susan joined Dating Over Meal","2011-09-05 19:11:57","2011-09-05 19:11:57"
945,945,"join","Anna joined Dating Over Meal","2011-09-05 19:11:57","2011-09-05 19:11:57"
946,946,"join","Christopher joined Dating Over Meal","2011-09-05 19:11:57","2011-09-05 19:11:57"
947,947,"join","George joined Dating Over Meal","2011-09-05 19:11:57","2011-09-05 19:11:57"
948,948,"join","Adam joined Dating Over Meal","2011-09-05 19:11:57","2011-09-05 19:11:57"
949,949,"join","Laura joined Dating Over Meal","2011-09-05 19:11:57","2011-09-05 19:11:57"
950,950,"join","Mary joined Dating Over Meal","2011-09-05 19:11:57","2011-09-05 19:11:57"
951,951,"join","Terry joined Dating Over Meal","2011-09-05 19:11:57","2011-09-05 19:11:57"
952,952,"join","Victoria joined Dating Over Meal","2011-09-05 19:11:58","2011-09-05 19:11:58"
953,953,"join","Karen joined Dating Over Meal","2011-09-05 19:11:58","2011-09-05 19:11:58"
954,954,"join","Steven joined Dating Over Meal","2011-09-05 19:11:58","2011-09-05 19:11:58"
955,955,"join","Brian joined Dating Over Meal","2011-09-05 19:11:58","2011-09-05 19:11:58"
956,956,"join","Edwin joined Dating Over Meal","2011-09-05 19:11:58","2011-09-05 19:11:58"
957,957,"join","Linda joined Dating Over Meal","2011-09-05 19:11:58","2011-09-05 19:11:58"
958,958,"join","Kenneth joined Dating Over Meal","2011-09-05 19:11:58","2011-09-05 19:11:58"
959,959,"join","Terry joined Dating Over Meal","2011-09-05 19:11:58","2011-09-05 19:11:58"
960,960,"join","Simon joined Dating Over Meal","2011-09-05 19:11:58","2011-09-05 19:11:58"
961,961,"join","Donna joined Dating Over Meal","2011-09-05 19:11:59","2011-09-05 19:11:59"
962,962,"join","Wendy joined Dating Over Meal","2011-09-05 19:11:59","2011-09-05 19:11:59"
963,963,"join","Sandra joined Dating Over Meal","2011-09-05 19:11:59","2011-09-05 19:11:59"
964,964,"join","Robert joined Dating Over Meal","2011-09-05 19:11:59","2011-09-05 19:11:59"
965,965,"join","Paul joined Dating Over Meal","2011-09-05 19:11:59","2011-09-05 19:11:59"
966,966,"join","Felicity joined Dating Over Meal","2011-09-05 19:11:59","2011-09-05 19:11:59"
967,967,"join","Michelle joined Dating Over Meal","2011-09-05 19:11:59","2011-09-05 19:11:59"
968,968,"join","Eve joined Dating Over Meal","2011-09-05 19:11:59","2011-09-05 19:11:59"
969,969,"join","Alison joined Dating Over Meal","2011-09-05 19:12:00","2011-09-05 19:12:00"
970,970,"join","Anna joined Dating Over Meal","2011-09-05 19:12:00","2011-09-05 19:12:00"
971,971,"join","Terry joined Dating Over Meal","2011-09-05 19:12:00","2011-09-05 19:12:00"
972,972,"join","Jennifer joined Dating Over Meal","2011-09-05 19:12:00","2011-09-05 19:12:00"
973,973,"join","Sandra joined Dating Over Meal","2011-09-05 19:12:00","2011-09-05 19:12:00"
974,974,"join","Robert joined Dating Over Meal","2011-09-05 19:12:00","2011-09-05 19:12:00"
975,975,"join","Karen joined Dating Over Meal","2011-09-05 19:12:00","2011-09-05 19:12:00"
976,976,"join","Edwin joined Dating Over Meal","2011-09-05 19:12:00","2011-09-05 19:12:00"
977,977,"join","Brian joined Dating Over Meal","2011-09-05 19:12:00","2011-09-05 19:12:00"
978,978,"join","Dorothy joined Dating Over Meal","2011-09-05 19:12:01","2011-09-05 19:12:01"
979,979,"join","Susan joined Dating Over Meal","2011-09-05 19:12:01","2011-09-05 19:12:01"
980,980,"join","Michael joined Dating Over Meal","2011-09-05 19:12:01","2011-09-05 19:12:01"
981,981,"join","Patricia joined Dating Over Meal","2011-09-05 19:12:01","2011-09-05 19:12:01"
982,982,"join","Elizabeth joined Dating Over Meal","2011-09-05 19:12:01","2011-09-05 19:12:01"
983,983,"join","Marcus joined Dating Over Meal","2011-09-05 19:12:01","2011-09-05 19:12:01"
984,984,"join","George joined Dating Over Meal","2011-09-05 19:12:01","2011-09-05 19:12:01"
985,985,"join","Brian joined Dating Over Meal","2011-09-05 19:12:01","2011-09-05 19:12:01"
986,986,"join","Beryl joined Dating Over Meal","2011-09-05 19:12:02","2011-09-05 19:12:02"
987,987,"join","Patricia joined Dating Over Meal","2011-09-05 19:12:02","2011-09-05 19:12:02"
988,988,"join","Eve joined Dating Over Meal","2011-09-05 19:12:02","2011-09-05 19:12:02"
989,989,"join","Ursula joined Dating Over Meal","2011-09-05 19:12:02","2011-09-05 19:12:02"
990,990,"join","Patricia joined Dating Over Meal","2011-09-05 19:12:02","2011-09-05 19:12:02"
991,991,"join","Ursula joined Dating Over Meal","2011-09-05 19:12:02","2011-09-05 19:12:02"
992,992,"join","Christopher joined Dating Over Meal","2011-09-05 19:12:02","2011-09-05 19:12:02"
993,993,"join","Kenneth joined Dating Over Meal","2011-09-05 19:12:02","2011-09-05 19:12:02"
994,994,"join","Harold joined Dating Over Meal","2011-09-05 19:12:03","2011-09-05 19:12:03"
995,995,"join","Sharon joined Dating Over Meal","2011-09-05 19:12:03","2011-09-05 19:12:03"
996,996,"join","Donna joined Dating Over Meal","2011-09-05 19:12:03","2011-09-05 19:12:03"
997,997,"join","Deborah joined Dating Over Meal","2011-09-05 19:12:03","2011-09-05 19:12:03"
998,998,"join","Sarah joined Dating Over Meal","2011-09-05 19:12:03","2011-09-05 19:12:03"
999,999,"join","Margaret joined Dating Over Meal","2011-09-05 19:12:03","2011-09-05 19:12:03"
1000,1000,"join","Cheryl joined Dating Over Meal","2011-09-05 19:12:03","2011-09-05 19:12:03"
1001,1001,"join","Joseph joined Dating Over Meal","2011-09-05 19:12:03","2011-09-05 19:12:03"
1002,1002,"join","Victoria joined Dating Over Meal","2011-09-05 19:12:03","2011-09-05 19:12:03"
1003,1003,"join","Margaret joined Dating Over Meal","2011-09-05 19:12:04","2011-09-05 19:12:04"
1004,1004,"join","Charlotte joined Dating Over Meal","2011-09-05 19:12:04","2011-09-05 19:12:04"
1020,1020,"join","Tri joined Dating Over Meal","2011-09-17 18:12:44","2011-09-17 18:12:44"
